2026-05-25 23:46:25,031 [INFO] --- Launching Afternoon Ingestion Phase for 2026-05-25 ---
2026-05-25 23:46:25,031 [INFO] Extracting raw weather payload data from Open-Meteo API...
2026-05-25 23:46:25,670 [INFO] Loading stage complete! Raw payload file successfully saved to: raw_json/observed_2026-05-25.json
2026-05-25 23:46:25,670 [INFO] Connecting to cloud Neon PostgreSQL database instance to archive JSONB document...
2026-05-25 23:46:26,455 [INFO] Successfully committed complete observed JSONB document payload to cloud storage.
2026-05-25 23:46:26,456 [INFO] Pipeline Execution Success: Raw payload archived to GitHub and flat arrays committed to PostgreSQL database.
2026-05-25 23:46:26,605 [INFO] Connecting to Neon PostgreSQL production node...
2026-05-25 23:46:26,975 [INFO] Extracting raw telemetry records...
2026-05-25 23:46:27,213 [INFO] Successfully extracted 960 source entries from Postgres.
2026-05-25 23:46:27,213 [INFO] Extracting raw observed weather payload data for 2026-05-25...
2026-05-25 23:46:27,274 [INFO] Opening analytic file store at: environmental_data.db
2026-05-25 23:46:27,284 [INFO] Initializing dimensional framework in DuckDB...
2026-05-25 23:46:27,288 [INFO] Seeding static perimeter network structural dimensions...
2026-05-25 23:46:27,356 [INFO] Sorting telemetry stream rows into distinct physical fact tables...
2026-05-25 23:46:29,709 [INFO] Fact table processing complete. Total records isolated: 960
2026-05-25 23:46:29,709 [INFO] Processing weather reality payload and computing real shift vectors...
2026-05-25 23:46:29,709 [INFO] Observed Realities Calculated: Temp: 62.3°F | Humid: 89.8% | Wind: 283.7° (WNW -> Downwind: ESE)
2026-05-25 23:46:29,715 [INFO] Observed shift weather summary successfully committed to local analytical core.
2026-05-25 23:46:29,743 [INFO] Connecting Admin Client to Aiven cluster to clear topic 'intraday_pid_telemetry'...
2026-05-25 23:46:30,461 [INFO] Topic 'intraday_pid_telemetry' successfully dropped from cluster logs.
2026-05-25 23:46:30,461 [INFO] Waiting 5 seconds for cluster stabilization...
2026-05-25 23:46:35,573 [INFO] Topic 'intraday_pid_telemetry' successfully recreated. Topic is now completely clean!
2026-05-25 23:46:35,574 [INFO] ETL ecosystem processing cycle terminated successfully.
2026-05-25 23:46:35,690 [INFO] Starting dashboard generation cycle...
2026-05-25 23:46:35,690 [INFO] Opening unified environmental data warehouse: environmental_data.db
2026-05-25 23:46:35,709 [INFO] Node-N timeline compiled. Datapoints: 120
2026-05-25 23:46:35,712 [INFO] Node-NE timeline compiled. Datapoints: 120
2026-05-25 23:46:35,714 [INFO] Node-E timeline compiled. Datapoints: 120
2026-05-25 23:46:35,716 [INFO] Node-SE timeline compiled. Datapoints: 120
2026-05-25 23:46:35,718 [INFO] Node-S timeline compiled. Datapoints: 120
2026-05-25 23:46:35,720 [INFO] Node-SW timeline compiled. Datapoints: 120
2026-05-25 23:46:35,723 [INFO] Node-W timeline compiled. Datapoints: 120
2026-05-25 23:46:35,725 [INFO] Node-NW timeline compiled. Datapoints: 120
2026-05-25 23:46:35,728 [INFO] Dashboard rewrite finalized. Output target flushed to: index.html
2026-05-26 20:28:10,046 [INFO] --- Launching Afternoon Ingestion Phase for 2026-05-26 ---
2026-05-26 20:28:10,046 [INFO] Extracting raw weather payload data from Open-Meteo API...
2026-05-26 20:28:10,692 [INFO] Loading stage complete! Raw payload file successfully saved to: raw_json/observed_2026-05-26.json
2026-05-26 20:28:10,692 [INFO] Connecting to cloud Neon PostgreSQL database instance to archive JSONB document...
2026-05-26 20:28:12,103 [INFO] Successfully committed complete observed JSONB document payload to cloud storage.
2026-05-26 20:28:12,104 [INFO] Pipeline Execution Success: Raw payload archived to GitHub and flat arrays committed to PostgreSQL database.
2026-05-26 20:28:12,251 [INFO] Connecting to Neon PostgreSQL production node...
2026-05-26 20:28:12,624 [INFO] Extracting raw telemetry records...
2026-05-26 20:28:13,107 [INFO] Successfully extracted 5760 source entries from Postgres.
2026-05-26 20:28:13,108 [INFO] Extracting raw observed weather payload data for 2026-05-26...
2026-05-26 20:28:13,176 [INFO] Opening analytic file store at: environmental_data.db
2026-05-26 20:28:13,188 [INFO] Initializing dimensional framework in DuckDB...
2026-05-26 20:28:13,190 [INFO] Seeding static perimeter network structural dimensions...
2026-05-26 20:28:13,238 [INFO] Sorting telemetry stream rows into distinct physical fact tables...
2026-05-26 20:28:26,130 [INFO] Fact table processing complete. Total records isolated: 5760
2026-05-26 20:28:26,130 [INFO] Processing weather reality payload and computing real shift vectors...
2026-05-26 20:28:26,130 [INFO] Observed Realities Calculated: Temp: 70.6°F | Humid: 56.5% | Wind: 218.6° (SW -> Downwind: NE)
2026-05-26 20:28:26,135 [INFO] Observed shift weather summary successfully committed to local analytical core.
2026-05-26 20:28:26,169 [INFO] Connecting Admin Client to Aiven cluster to clear topic 'intraday_pid_telemetry'...
2026-05-26 20:28:27,370 [INFO] Topic 'intraday_pid_telemetry' successfully dropped from cluster logs.
2026-05-26 20:28:27,370 [INFO] Waiting 5 seconds for cluster stabilization...
2026-05-26 20:28:33,001 [INFO] Topic 'intraday_pid_telemetry' successfully recreated. Topic is now completely clean!
2026-05-26 20:28:33,001 [INFO] ETL ecosystem processing cycle terminated successfully.
2026-05-26 20:28:33,116 [INFO] Starting dashboard generation cycle...
2026-05-26 20:28:33,116 [INFO] Opening unified environmental data warehouse: environmental_data.db
2026-05-26 20:28:33,135 [INFO] Node-N timeline compiled. Datapoints: 720
2026-05-26 20:28:33,138 [INFO] Node-NE timeline compiled. Datapoints: 720
2026-05-26 20:28:33,141 [INFO] Node-E timeline compiled. Datapoints: 720
2026-05-26 20:28:33,143 [INFO] Node-SE timeline compiled. Datapoints: 720
2026-05-26 20:28:33,146 [INFO] Node-S timeline compiled. Datapoints: 720
2026-05-26 20:28:33,148 [INFO] Node-SW timeline compiled. Datapoints: 720
2026-05-26 20:28:33,151 [INFO] Node-W timeline compiled. Datapoints: 720
2026-05-26 20:28:33,154 [INFO] Node-NW timeline compiled. Datapoints: 720
2026-05-26 20:28:33,160 [INFO] Dashboard rewrite finalized. Output target flushed to: index.html
2026-05-27 00:38:54,237 [INFO] --- Launching Afternoon Ingestion Phase for 2026-05-26 ---
2026-05-27 00:38:54,237 [INFO] Extracting raw weather payload data from Open-Meteo API...
2026-05-27 00:38:54,717 [INFO] Loading stage complete! Raw payload file successfully saved to: raw_json/observed_2026-05-26.json
2026-05-27 00:38:54,717 [INFO] Connecting to cloud Neon PostgreSQL database instance to archive JSONB document...
2026-05-27 00:38:55,590 [INFO] Successfully committed complete observed JSONB document payload to cloud storage.
2026-05-27 00:38:55,590 [INFO] Pipeline Execution Success: Raw payload archived to GitHub and flat arrays committed to PostgreSQL database.
2026-05-27 00:38:55,745 [INFO] Connecting to Neon PostgreSQL production node...
2026-05-27 00:38:55,817 [INFO] Extracting raw telemetry records...
2026-05-27 00:38:55,917 [INFO] Successfully extracted 6720 source entries from Postgres.
2026-05-27 00:38:55,918 [INFO] Extracting raw observed weather payload data for 2026-05-26...
2026-05-27 00:38:55,938 [INFO] Opening analytic file store at: environmental_data.db
2026-05-27 00:38:55,950 [INFO] Initializing dimensional framework in DuckDB...
2026-05-27 00:38:55,952 [INFO] Seeding static perimeter network structural dimensions...
2026-05-27 00:38:56,000 [INFO] Sorting telemetry stream rows into distinct physical fact tables...
2026-05-27 00:39:11,627 [INFO] Fact table processing complete. Total records isolated: 6720
2026-05-27 00:39:11,628 [INFO] Processing weather reality payload and computing real shift vectors...
2026-05-27 00:39:11,628 [INFO] Observed Realities Calculated: Temp: 70.6°F | Humid: 58.3% | Wind: 218.7° (SW -> Downwind: NE)
2026-05-27 00:39:11,633 [INFO] Observed shift weather summary successfully committed to local analytical core.
2026-05-27 00:39:11,671 [INFO] Connecting Admin Client to Aiven cluster to clear topic 'intraday_pid_telemetry'...
2026-05-27 00:39:12,179 [INFO] Topic 'intraday_pid_telemetry' successfully dropped from cluster logs.
2026-05-27 00:39:12,179 [INFO] Waiting 5 seconds for cluster stabilization...
2026-05-27 00:39:17,400 [INFO] Topic 'intraday_pid_telemetry' successfully recreated. Topic is now completely clean!
2026-05-27 00:39:17,401 [INFO] ETL ecosystem processing cycle terminated successfully.
2026-05-27 00:39:17,516 [INFO] Starting dashboard generation cycle...
2026-05-27 00:39:17,516 [INFO] Opening unified environmental data warehouse: environmental_data.db
2026-05-27 00:39:17,535 [INFO] Node-N timeline compiled. Datapoints: 840
2026-05-27 00:39:17,538 [INFO] Node-NE timeline compiled. Datapoints: 840
2026-05-27 00:39:17,541 [INFO] Node-E timeline compiled. Datapoints: 840
2026-05-27 00:39:17,543 [INFO] Node-SE timeline compiled. Datapoints: 840
2026-05-27 00:39:17,546 [INFO] Node-S timeline compiled. Datapoints: 840
2026-05-27 00:39:17,549 [INFO] Node-SW timeline compiled. Datapoints: 840
2026-05-27 00:39:17,551 [INFO] Node-W timeline compiled. Datapoints: 840
2026-05-27 00:39:17,554 [INFO] Node-NW timeline compiled. Datapoints: 840
2026-05-27 00:39:17,562 [INFO] Dashboard rewrite finalized. Output target flushed to: index.html
2026-05-27 20:30:59,079 [INFO] --- Launching Afternoon Ingestion Phase for 2026-05-27 ---
2026-05-27 20:30:59,079 [INFO] Extracting raw weather payload data from Open-Meteo API...
2026-05-27 20:30:59,696 [INFO] Loading stage complete! Raw payload file successfully saved to: raw_json/observed_2026-05-27.json
2026-05-27 20:30:59,696 [INFO] Connecting to cloud Neon PostgreSQL database instance to archive JSONB document...
2026-05-27 20:31:01,132 [INFO] Successfully committed complete observed JSONB document payload to cloud storage.
2026-05-27 20:31:01,132 [INFO] Pipeline Execution Success: Raw payload archived to GitHub and flat arrays committed to PostgreSQL database.
2026-05-27 20:31:01,293 [INFO] Connecting to Neon PostgreSQL production node...
2026-05-27 20:31:01,672 [INFO] Extracting raw telemetry records...
2026-05-27 20:31:02,042 [INFO] Successfully extracted 2880 source entries from Postgres.
2026-05-27 20:31:02,042 [INFO] Extracting raw observed weather payload data for 2026-05-27...
2026-05-27 20:31:02,110 [INFO] Opening analytic file store at: environmental_data.db
2026-05-27 20:31:02,121 [INFO] Initializing dimensional framework in DuckDB...
2026-05-27 20:31:02,123 [INFO] Seeding static perimeter network structural dimensions...
2026-05-27 20:31:02,179 [INFO] Sorting telemetry stream rows into distinct physical fact tables...
2026-05-27 20:31:09,537 [INFO] Fact table processing complete. Total records isolated: 2880
2026-05-27 20:31:09,537 [INFO] Processing weather reality payload and computing real shift vectors...
2026-05-27 20:31:09,537 [INFO] Observed Realities Calculated: Temp: 71.1°F | Humid: 57.6% | Wind: 241.7° (WSW -> Downwind: ENE)
2026-05-27 20:31:09,544 [INFO] Observed shift weather summary successfully committed to local analytical core.
2026-05-27 20:31:09,588 [INFO] Connecting Admin Client to Aiven cluster to clear topic 'intraday_pid_telemetry'...
2026-05-27 20:31:10,959 [INFO] Topic 'intraday_pid_telemetry' successfully dropped from cluster logs.
2026-05-27 20:31:10,959 [INFO] Waiting 5 seconds for cluster stabilization...
2026-05-27 20:31:16,657 [INFO] Topic 'intraday_pid_telemetry' successfully recreated. Topic is now completely clean!
2026-05-27 20:31:16,658 [INFO] ETL ecosystem processing cycle terminated successfully.
2026-05-27 20:31:16,780 [INFO] Starting dashboard generation cycle...
2026-05-27 20:31:16,781 [INFO] Opening unified environmental data warehouse: environmental_data.db
2026-05-27 20:31:16,802 [INFO] Node-N timeline compiled. Datapoints: 1200
2026-05-27 20:31:16,805 [INFO] Node-NE timeline compiled. Datapoints: 1200
2026-05-27 20:31:16,808 [INFO] Node-E timeline compiled. Datapoints: 1200
2026-05-27 20:31:16,811 [INFO] Node-SE timeline compiled. Datapoints: 1200
2026-05-27 20:31:16,814 [INFO] Node-S timeline compiled. Datapoints: 1200
2026-05-27 20:31:16,817 [INFO] Node-SW timeline compiled. Datapoints: 1200
2026-05-27 20:31:16,820 [INFO] Node-W timeline compiled. Datapoints: 1200
2026-05-27 20:31:16,823 [INFO] Node-NW timeline compiled. Datapoints: 1200
2026-05-27 20:31:16,834 [INFO] Dashboard rewrite finalized. Output target flushed to: index.html
2026-05-28 20:39:53,206 [INFO] --- Launching Afternoon Ingestion Phase for 2026-05-28 ---
2026-05-28 20:39:53,206 [INFO] Extracting raw weather payload data from Open-Meteo API...
2026-05-28 20:39:53,632 [INFO] Loading stage complete! Raw payload file successfully saved to: raw_json/observed_2026-05-28.json
2026-05-28 20:39:53,632 [INFO] Connecting to cloud Neon PostgreSQL database instance to archive JSONB document...
2026-05-28 20:39:54,671 [INFO] Successfully committed complete observed JSONB document payload to cloud storage.
2026-05-28 20:39:54,672 [INFO] Pipeline Execution Success: Raw payload archived to GitHub and flat arrays committed to PostgreSQL database.
2026-05-28 20:39:54,831 [INFO] Connecting to Neon PostgreSQL production node...
2026-05-28 20:39:54,967 [INFO] Extracting raw telemetry records...
2026-05-28 20:39:55,114 [INFO] Successfully extracted 4800 source entries from Postgres.
2026-05-28 20:39:55,114 [INFO] Extracting raw observed weather payload data for 2026-05-28...
2026-05-28 20:39:55,142 [INFO] Opening analytic file store at: environmental_data.db
2026-05-28 20:39:55,154 [INFO] Initializing dimensional framework in DuckDB...
2026-05-28 20:39:55,155 [INFO] Seeding static perimeter network structural dimensions...
2026-05-28 20:39:55,220 [INFO] Sorting telemetry stream rows into distinct physical fact tables...
2026-05-28 20:40:06,468 [INFO] Fact table processing complete. Total records isolated: 4800
2026-05-28 20:40:06,468 [INFO] Processing weather reality payload and computing real shift vectors...
2026-05-28 20:40:06,468 [INFO] Observed Realities Calculated: Temp: 63.1°F | Humid: 57.1% | Wind: 346.4° (NNW -> Downwind: SSE)
2026-05-28 20:40:06,474 [INFO] Observed shift weather summary successfully committed to local analytical core.
2026-05-28 20:40:06,506 [INFO] Connecting Admin Client to Aiven cluster to clear topic 'intraday_pid_telemetry'...
2026-05-28 20:40:08,541 [INFO] Topic 'intraday_pid_telemetry' successfully dropped from cluster logs.
2026-05-28 20:40:08,541 [INFO] Waiting 5 seconds for cluster stabilization...
2026-05-28 20:40:14,367 [INFO] Topic 'intraday_pid_telemetry' successfully recreated. Topic is now completely clean!
2026-05-28 20:40:14,368 [INFO] ETL ecosystem processing cycle terminated successfully.
2026-05-28 20:40:14,478 [INFO] Starting dashboard generation cycle...
2026-05-28 20:40:14,479 [INFO] Opening unified environmental data warehouse: environmental_data.db
2026-05-28 20:40:14,498 [INFO] Node-N timeline compiled. Datapoints: 600
2026-05-28 20:40:14,500 [INFO] Node-NE timeline compiled. Datapoints: 600
2026-05-28 20:40:14,503 [INFO] Node-E timeline compiled. Datapoints: 600
2026-05-28 20:40:14,505 [INFO] Node-SE timeline compiled. Datapoints: 600
2026-05-28 20:40:14,508 [INFO] Node-S timeline compiled. Datapoints: 600
2026-05-28 20:40:14,510 [INFO] Node-SW timeline compiled. Datapoints: 600
2026-05-28 20:40:14,513 [INFO] Node-W timeline compiled. Datapoints: 600
2026-05-28 20:40:14,515 [INFO] Node-NW timeline compiled. Datapoints: 600
2026-05-28 20:40:14,521 [INFO] Dashboard rewrite finalized. Output target flushed to: index.html
2026-05-29 20:39:50,849 [INFO] --- Launching Afternoon Ingestion Phase for 2026-05-29 ---
2026-05-29 20:39:50,849 [INFO] Extracting raw weather payload data from Open-Meteo API...
2026-05-29 20:39:51,335 [INFO] Loading stage complete! Raw payload file successfully saved to: raw_json/observed_2026-05-29.json
2026-05-29 20:39:51,335 [INFO] Connecting to cloud Neon PostgreSQL database instance to archive JSONB document...
2026-05-29 20:39:52,157 [INFO] Successfully committed complete observed JSONB document payload to cloud storage.
2026-05-29 20:39:52,157 [INFO] Pipeline Execution Success: Raw payload archived to GitHub and flat arrays committed to PostgreSQL database.
2026-05-29 20:39:52,313 [INFO] Connecting to Neon PostgreSQL production node...
2026-05-29 20:39:52,431 [INFO] Extracting raw telemetry records...
2026-05-29 20:39:52,523 [INFO] Successfully extracted 1920 source entries from Postgres.
2026-05-29 20:39:52,523 [INFO] Extracting raw observed weather payload data for 2026-05-29...
2026-05-29 20:39:52,546 [INFO] Opening analytic file store at: environmental_data.db
2026-05-29 20:39:52,558 [INFO] Initializing dimensional framework in DuckDB...
2026-05-29 20:39:52,560 [INFO] Seeding static perimeter network structural dimensions...
2026-05-29 20:39:52,608 [INFO] Sorting telemetry stream rows into distinct physical fact tables...
2026-05-29 20:39:56,794 [INFO] Fact table processing complete. Total records isolated: 1920
2026-05-29 20:39:56,794 [INFO] Processing weather reality payload and computing real shift vectors...
2026-05-29 20:39:56,794 [INFO] Observed Realities Calculated: Temp: 60.1°F | Humid: 77.6% | Wind: 222.1° (SW -> Downwind: NE)
2026-05-29 20:39:56,801 [INFO] Observed shift weather summary successfully committed to local analytical core.
2026-05-29 20:39:56,839 [INFO] Connecting Admin Client to Aiven cluster to clear topic 'intraday_pid_telemetry'...
2026-05-29 20:39:57,774 [INFO] Topic 'intraday_pid_telemetry' successfully dropped from cluster logs.
2026-05-29 20:39:57,775 [INFO] Waiting 5 seconds for cluster stabilization...
2026-05-29 20:40:03,852 [INFO] Topic 'intraday_pid_telemetry' successfully recreated. Topic is now completely clean!
2026-05-29 20:40:03,852 [INFO] ETL ecosystem processing cycle terminated successfully.
2026-05-29 20:40:03,972 [INFO] Starting dashboard generation cycle...
2026-05-29 20:40:03,972 [INFO] Opening unified environmental data warehouse: environmental_data.db
2026-05-29 20:40:03,993 [INFO] Node-N timeline compiled. Datapoints: 240
2026-05-29 20:40:03,996 [INFO] Node-NE timeline compiled. Datapoints: 240
2026-05-29 20:40:03,998 [INFO] Node-E timeline compiled. Datapoints: 240
2026-05-29 20:40:04,000 [INFO] Node-SE timeline compiled. Datapoints: 240
2026-05-29 20:40:04,002 [INFO] Node-S timeline compiled. Datapoints: 240
2026-05-29 20:40:04,005 [INFO] Node-SW timeline compiled. Datapoints: 240
2026-05-29 20:40:04,007 [INFO] Node-W timeline compiled. Datapoints: 240
2026-05-29 20:40:04,009 [INFO] Node-NW timeline compiled. Datapoints: 240
2026-05-29 20:40:04,013 [INFO] Dashboard rewrite finalized. Output target flushed to: index.html
2026-06-01 23:45:40,759 [INFO] --- Launching Afternoon Ingestion Phase for 2026-06-01 ---
2026-06-01 23:45:40,759 [INFO] Extracting raw weather payload data from Open-Meteo API...
2026-06-01 23:45:41,206 [INFO] Loading stage complete! Raw payload file successfully saved to: raw_json/observed_2026-06-01.json
2026-06-01 23:45:41,206 [INFO] Connecting to cloud Neon PostgreSQL database instance to archive JSONB document...
2026-06-01 23:45:42,028 [INFO] Successfully committed complete observed JSONB document payload to cloud storage.
2026-06-01 23:45:42,028 [INFO] Pipeline Execution Success: Raw payload archived to GitHub and flat arrays committed to PostgreSQL database.
2026-06-01 23:45:42,162 [INFO] Connecting to Neon PostgreSQL production node...
2026-06-01 23:45:42,228 [INFO] Extracting raw telemetry records...
2026-06-01 23:45:42,293 [INFO] Successfully extracted 2880 source entries from Postgres.
2026-06-01 23:45:42,293 [INFO] Extracting raw observed weather payload data for 2026-06-01...
2026-06-01 23:45:42,311 [INFO] Opening analytic file store at: environmental_data.db
2026-06-01 23:45:42,322 [INFO] Initializing dimensional framework in DuckDB...
2026-06-01 23:45:42,324 [INFO] Seeding static perimeter network structural dimensions...
2026-06-01 23:45:42,373 [INFO] Sorting telemetry stream rows into distinct physical fact tables...
2026-06-01 23:45:48,402 [INFO] Fact table processing complete. Total records isolated: 2880
2026-06-01 23:45:48,402 [INFO] Processing weather reality payload and computing real shift vectors...
2026-06-01 23:45:48,402 [INFO] Observed Realities Calculated: Temp: 66.4°F | Humid: 45.7% | Wind: 32.4° (NNE -> Downwind: SSW)
2026-06-01 23:45:48,408 [INFO] Observed shift weather summary successfully committed to local analytical core.
2026-06-01 23:45:48,439 [INFO] Connecting Admin Client to Aiven cluster to clear topic 'intraday_pid_telemetry'...
2026-06-01 23:45:49,432 [INFO] Topic 'intraday_pid_telemetry' successfully dropped from cluster logs.
2026-06-01 23:45:49,432 [INFO] Waiting 5 seconds for cluster stabilization...
2026-06-01 23:45:54,734 [INFO] Topic 'intraday_pid_telemetry' successfully recreated. Topic is now completely clean!
2026-06-01 23:45:54,735 [INFO] ETL ecosystem processing cycle terminated successfully.
2026-06-01 23:45:54,836 [INFO] Starting dashboard generation cycle...
2026-06-01 23:45:54,836 [INFO] Opening unified environmental data warehouse: environmental_data.db
2026-06-01 23:45:54,856 [INFO] Node-N timeline compiled. Datapoints: 360
2026-06-01 23:45:54,859 [INFO] Node-NE timeline compiled. Datapoints: 360
2026-06-01 23:45:54,862 [INFO] Node-E timeline compiled. Datapoints: 360
2026-06-01 23:45:54,864 [INFO] Node-SE timeline compiled. Datapoints: 360
2026-06-01 23:45:54,866 [INFO] Node-S timeline compiled. Datapoints: 360
2026-06-01 23:45:54,869 [INFO] Node-SW timeline compiled. Datapoints: 360
2026-06-01 23:45:54,871 [INFO] Node-W timeline compiled. Datapoints: 360
2026-06-01 23:45:54,874 [INFO] Node-NW timeline compiled. Datapoints: 360
2026-06-01 23:45:54,878 [INFO] Dashboard rewrite finalized. Output target flushed to: index.html
2026-06-03 00:04:19,244 [INFO] --- Launching Afternoon Ingestion Phase for 2026-06-02 ---
2026-06-03 00:04:19,244 [INFO] Extracting raw weather payload data from Open-Meteo API...
2026-06-03 00:04:19,649 [INFO] Loading stage complete! Raw payload file successfully saved to: raw_json/observed_2026-06-02.json
2026-06-03 00:04:19,649 [INFO] Connecting to cloud Neon PostgreSQL database instance to archive JSONB document...
2026-06-03 00:04:20,588 [INFO] Successfully committed complete observed JSONB document payload to cloud storage.
2026-06-03 00:04:20,589 [INFO] Pipeline Execution Success: Raw payload archived to GitHub and flat arrays committed to PostgreSQL database.
2026-06-03 00:04:20,760 [INFO] Connecting to Neon PostgreSQL production node...
2026-06-03 00:04:20,891 [INFO] Extracting raw telemetry records...
2026-06-03 00:04:21,003 [INFO] Successfully extracted 1920 source entries from Postgres.
2026-06-03 00:04:21,003 [INFO] Extracting raw observed weather payload data for 2026-06-02...
2026-06-03 00:04:21,030 [INFO] Opening analytic file store at: environmental_data.db
2026-06-03 00:04:21,041 [INFO] Initializing dimensional framework in DuckDB...
2026-06-03 00:04:21,044 [INFO] Seeding static perimeter network structural dimensions...
2026-06-03 00:04:21,095 [INFO] Sorting telemetry stream rows into distinct physical fact tables...
2026-06-03 00:04:25,830 [INFO] Fact table processing complete. Total records isolated: 1920
2026-06-03 00:04:25,830 [INFO] Processing weather reality payload and computing real shift vectors...
2026-06-03 00:04:25,831 [INFO] Observed Realities Calculated: Temp: 68.1°F | Humid: 44.3% | Wind: 251.4° (WSW -> Downwind: ENE)
2026-06-03 00:04:25,837 [INFO] Observed shift weather summary successfully committed to local analytical core.
2026-06-03 00:04:25,872 [INFO] Connecting Admin Client to Aiven cluster to clear topic 'intraday_pid_telemetry'...
2026-06-03 00:04:26,572 [INFO] Topic 'intraday_pid_telemetry' successfully dropped from cluster logs.
2026-06-03 00:04:26,572 [INFO] Waiting 5 seconds for cluster stabilization...
2026-06-03 00:04:31,948 [INFO] Topic 'intraday_pid_telemetry' successfully recreated. Topic is now completely clean!
2026-06-03 00:04:31,948 [INFO] ETL ecosystem processing cycle terminated successfully.
2026-06-03 00:04:32,064 [INFO] Starting dashboard generation cycle...
2026-06-03 00:04:32,064 [INFO] Opening unified environmental data warehouse: environmental_data.db
2026-06-03 00:04:32,085 [INFO] Node-N timeline compiled. Datapoints: 240
2026-06-03 00:04:32,088 [INFO] Node-NE timeline compiled. Datapoints: 240
2026-06-03 00:04:32,091 [INFO] Node-E timeline compiled. Datapoints: 240
2026-06-03 00:04:32,094 [INFO] Node-SE timeline compiled. Datapoints: 240
2026-06-03 00:04:32,097 [INFO] Node-S timeline compiled. Datapoints: 240
2026-06-03 00:04:32,100 [INFO] Node-SW timeline compiled. Datapoints: 240
2026-06-03 00:04:32,103 [INFO] Node-W timeline compiled. Datapoints: 240
2026-06-03 00:04:32,106 [INFO] Node-NW timeline compiled. Datapoints: 240
2026-06-03 00:04:32,112 [INFO] Dashboard rewrite finalized. Output target flushed to: index.html
2026-06-03 23:15:22,076 [INFO] --- Launching Afternoon Ingestion Phase for 2026-06-03 ---
2026-06-03 23:15:22,076 [INFO] Extracting raw weather payload data from Open-Meteo API...
2026-06-03 23:15:22,667 [INFO] Loading stage complete! Raw payload file successfully saved to: raw_json/observed_2026-06-03.json
2026-06-03 23:15:22,667 [INFO] Connecting to cloud Neon PostgreSQL database instance to archive JSONB document...
2026-06-03 23:15:23,887 [INFO] Successfully committed complete observed JSONB document payload to cloud storage.
2026-06-03 23:15:23,887 [INFO] Pipeline Execution Success: Raw payload archived to GitHub and flat arrays committed to PostgreSQL database.
2026-06-03 23:15:24,043 [INFO] Connecting to Neon PostgreSQL production node...
2026-06-03 23:15:24,250 [INFO] Extracting raw telemetry records...
2026-06-03 23:15:24,452 [INFO] Successfully extracted 1920 source entries from Postgres.
2026-06-03 23:15:24,452 [INFO] Extracting raw observed weather payload data for 2026-06-03...
2026-06-03 23:15:24,493 [INFO] Opening analytic file store at: environmental_data.db
2026-06-03 23:15:24,505 [INFO] Initializing dimensional framework in DuckDB...
2026-06-03 23:15:24,507 [INFO] Seeding static perimeter network structural dimensions...
2026-06-03 23:15:24,556 [INFO] Sorting telemetry stream rows into distinct physical fact tables...
2026-06-03 23:15:28,980 [INFO] Fact table processing complete. Total records isolated: 1920
2026-06-03 23:15:28,980 [INFO] Processing weather reality payload and computing real shift vectors...
2026-06-03 23:15:28,980 [INFO] Observed Realities Calculated: Temp: 67.9°F | Humid: 53.7% | Wind: 222.1° (SW -> Downwind: NE)
2026-06-03 23:15:28,987 [INFO] Observed shift weather summary successfully committed to local analytical core.
2026-06-03 23:15:29,018 [INFO] Connecting Admin Client to Aiven cluster to clear topic 'intraday_pid_telemetry'...
2026-06-03 23:15:30,404 [INFO] Topic 'intraday_pid_telemetry' successfully dropped from cluster logs.
2026-06-03 23:15:30,404 [INFO] Waiting 5 seconds for cluster stabilization...
2026-06-03 23:15:35,830 [INFO] Topic 'intraday_pid_telemetry' successfully recreated. Topic is now completely clean!
2026-06-03 23:15:35,831 [INFO] ETL ecosystem processing cycle terminated successfully.
2026-06-03 23:15:35,951 [INFO] Starting dashboard generation cycle...
2026-06-03 23:15:35,951 [INFO] Opening unified environmental data warehouse: environmental_data.db
2026-06-03 23:15:35,973 [INFO] Node-N timeline compiled. Datapoints: 480
2026-06-03 23:15:35,975 [INFO] Node-NE timeline compiled. Datapoints: 480
2026-06-03 23:15:35,978 [INFO] Node-E timeline compiled. Datapoints: 480
2026-06-03 23:15:35,981 [INFO] Node-SE timeline compiled. Datapoints: 480
2026-06-03 23:15:35,984 [INFO] Node-S timeline compiled. Datapoints: 480
2026-06-03 23:15:35,987 [INFO] Node-SW timeline compiled. Datapoints: 480
2026-06-03 23:15:35,989 [INFO] Node-W timeline compiled. Datapoints: 480
2026-06-03 23:15:35,992 [INFO] Node-NW timeline compiled. Datapoints: 480
2026-06-03 23:15:35,998 [INFO] Dashboard rewrite finalized. Output target flushed to: index.html
2026-06-04 22:48:59,623 [INFO] --- Launching Afternoon Ingestion Phase for 2026-06-04 ---
2026-06-04 22:48:59,623 [INFO] Extracting raw weather payload data from Open-Meteo API...
2026-06-04 22:49:00,244 [INFO] Loading stage complete! Raw payload file successfully saved to: raw_json/observed_2026-06-04.json
2026-06-04 22:49:00,244 [INFO] Connecting to cloud Neon PostgreSQL database instance to archive JSONB document...
2026-06-04 22:49:01,442 [INFO] Successfully committed complete observed JSONB document payload to cloud storage.
2026-06-04 22:49:01,443 [INFO] Pipeline Execution Success: Raw payload archived to GitHub and flat arrays committed to PostgreSQL database.
2026-06-04 22:49:01,571 [INFO] Connecting to Neon PostgreSQL production node...
2026-06-04 22:49:01,866 [INFO] Extracting raw telemetry records...
2026-06-04 22:49:02,167 [INFO] Successfully extracted 2880 source entries from Postgres.
2026-06-04 22:49:02,167 [INFO] Extracting raw observed weather payload data for 2026-06-04...
2026-06-04 22:49:02,223 [INFO] Opening analytic file store at: environmental_data.db
2026-06-04 22:49:02,235 [INFO] Initializing dimensional framework in DuckDB...
2026-06-04 22:49:02,237 [INFO] Seeding static perimeter network structural dimensions...
2026-06-04 22:49:02,283 [INFO] Sorting telemetry stream rows into distinct physical fact tables...
2026-06-04 22:49:08,577 [INFO] Fact table processing complete. Total records isolated: 2880
2026-06-04 22:49:08,577 [INFO] Processing weather reality payload and computing real shift vectors...
2026-06-04 22:49:08,578 [INFO] Observed Realities Calculated: Temp: 70.6°F | Humid: 41.5% | Wind: 218.3° (SW -> Downwind: NE)
2026-06-04 22:49:08,583 [INFO] Observed shift weather summary successfully committed to local analytical core.
2026-06-04 22:49:08,612 [INFO] Connecting Admin Client to Aiven cluster to clear topic 'intraday_pid_telemetry'...
2026-06-04 22:49:10,514 [INFO] Topic 'intraday_pid_telemetry' successfully dropped from cluster logs.
2026-06-04 22:49:10,514 [INFO] Waiting 5 seconds for cluster stabilization...
2026-06-04 22:49:15,848 [INFO] Topic 'intraday_pid_telemetry' successfully recreated. Topic is now completely clean!
2026-06-04 22:49:15,849 [INFO] ETL ecosystem processing cycle terminated successfully.
2026-06-04 22:49:15,950 [INFO] Starting dashboard generation cycle...
2026-06-04 22:49:15,950 [INFO] Opening unified environmental data warehouse: environmental_data.db
2026-06-04 22:49:15,969 [INFO] Node-N timeline compiled. Datapoints: 360
2026-06-04 22:49:15,972 [INFO] Node-NE timeline compiled. Datapoints: 360
2026-06-04 22:49:15,974 [INFO] Node-E timeline compiled. Datapoints: 360
2026-06-04 22:49:15,976 [INFO] Node-SE timeline compiled. Datapoints: 360
2026-06-04 22:49:15,979 [INFO] Node-S timeline compiled. Datapoints: 360
2026-06-04 22:49:15,981 [INFO] Node-SW timeline compiled. Datapoints: 360
2026-06-04 22:49:15,983 [INFO] Node-W timeline compiled. Datapoints: 360
2026-06-04 22:49:15,986 [INFO] Node-NW timeline compiled. Datapoints: 360
2026-06-04 22:49:15,990 [INFO] Dashboard rewrite finalized. Output target flushed to: index.html
2026-06-05 22:37:55,271 [INFO] --- Launching Afternoon Ingestion Phase for 2026-06-05 ---
2026-06-05 22:37:55,271 [INFO] Extracting raw weather payload data from Open-Meteo API...
2026-06-05 22:37:55,657 [INFO] Loading stage complete! Raw payload file successfully saved to: raw_json/observed_2026-06-05.json
2026-06-05 22:37:55,657 [INFO] Connecting to cloud Neon PostgreSQL database instance to archive JSONB document...
2026-06-05 22:37:56,986 [INFO] Successfully committed complete observed JSONB document payload to cloud storage.
2026-06-05 22:37:56,986 [INFO] Pipeline Execution Success: Raw payload archived to GitHub and flat arrays committed to PostgreSQL database.
2026-06-05 22:37:57,132 [INFO] Connecting to Neon PostgreSQL production node...
2026-06-05 22:37:57,266 [INFO] Extracting raw telemetry records...
2026-06-05 22:37:57,400 [INFO] Successfully extracted 2880 source entries from Postgres.
2026-06-05 22:37:57,400 [INFO] Extracting raw observed weather payload data for 2026-06-05...
2026-06-05 22:37:57,427 [INFO] Opening analytic file store at: environmental_data.db
2026-06-05 22:37:57,438 [INFO] Initializing dimensional framework in DuckDB...
2026-06-05 22:37:57,440 [INFO] Seeding static perimeter network structural dimensions...
2026-06-05 22:37:57,489 [INFO] Sorting telemetry stream rows into distinct physical fact tables...
2026-06-05 22:38:04,323 [INFO] Fact table processing complete. Total records isolated: 2880
2026-06-05 22:38:04,323 [INFO] Processing weather reality payload and computing real shift vectors...
2026-06-05 22:38:04,323 [INFO] Observed Realities Calculated: Temp: 74.1°F | Humid: 54.4% | Wind: 216.1° (SW -> Downwind: NE)
2026-06-05 22:38:04,329 [INFO] Observed shift weather summary successfully committed to local analytical core.
2026-06-05 22:38:04,363 [INFO] Connecting Admin Client to Aiven cluster to clear topic 'intraday_pid_telemetry'...
2026-06-05 22:38:05,206 [INFO] Topic 'intraday_pid_telemetry' successfully dropped from cluster logs.
2026-06-05 22:38:05,207 [INFO] Waiting 5 seconds for cluster stabilization...
2026-06-05 22:38:10,637 [INFO] Topic 'intraday_pid_telemetry' successfully recreated. Topic is now completely clean!
2026-06-05 22:38:10,638 [INFO] ETL ecosystem processing cycle terminated successfully.
2026-06-05 22:38:10,750 [INFO] Starting dashboard generation cycle...
2026-06-05 22:38:10,751 [INFO] Opening unified environmental data warehouse: environmental_data.db
2026-06-05 22:38:10,770 [INFO] Node-N timeline compiled. Datapoints: 360
2026-06-05 22:38:10,772 [INFO] Node-NE timeline compiled. Datapoints: 360
2026-06-05 22:38:10,774 [INFO] Node-E timeline compiled. Datapoints: 360
2026-06-05 22:38:10,777 [INFO] Node-SE timeline compiled. Datapoints: 360
2026-06-05 22:38:10,779 [INFO] Node-S timeline compiled. Datapoints: 360
2026-06-05 22:38:10,782 [INFO] Node-SW timeline compiled. Datapoints: 360
2026-06-05 22:38:10,784 [INFO] Node-W timeline compiled. Datapoints: 360
2026-06-05 22:38:10,787 [INFO] Node-NW timeline compiled. Datapoints: 360
2026-06-05 22:38:10,791 [INFO] Dashboard rewrite finalized. Output target flushed to: index.html
2026-06-08 22:52:36,315 [INFO] --- Launching Afternoon Ingestion Phase for 2026-06-08 ---
2026-06-08 22:52:36,315 [INFO] Extracting raw weather payload data from Open-Meteo API...
2026-06-08 22:52:36,744 [INFO] Loading stage complete! Raw payload file successfully saved to: raw_json/observed_2026-06-08.json
2026-06-08 22:52:36,744 [INFO] Connecting to cloud Neon PostgreSQL database instance to archive JSONB document...
2026-06-08 22:52:37,853 [INFO] Successfully committed complete observed JSONB document payload to cloud storage.
2026-06-08 22:52:37,854 [INFO] Pipeline Execution Success: Raw payload archived to GitHub and flat arrays committed to PostgreSQL database.
2026-06-08 22:52:38,012 [INFO] Connecting to Neon PostgreSQL production node...
2026-06-08 22:52:38,146 [INFO] Extracting raw telemetry records...
2026-06-08 22:52:38,256 [INFO] Successfully extracted 1920 source entries from Postgres.
2026-06-08 22:52:38,257 [INFO] Extracting raw observed weather payload data for 2026-06-08...
2026-06-08 22:52:38,284 [INFO] Opening analytic file store at: environmental_data.db
2026-06-08 22:52:38,296 [INFO] Initializing dimensional framework in DuckDB...
2026-06-08 22:52:38,297 [INFO] Seeding static perimeter network structural dimensions...
2026-06-08 22:52:38,347 [INFO] Sorting telemetry stream rows into distinct physical fact tables...
2026-06-08 22:52:42,586 [INFO] Fact table processing complete. Total records isolated: 1920
2026-06-08 22:52:42,586 [INFO] Processing weather reality payload and computing real shift vectors...
2026-06-08 22:52:42,586 [INFO] Observed Realities Calculated: Temp: 74.9°F | Humid: 61.9% | Wind: 188.7° (S -> Downwind: N)
2026-06-08 22:52:42,592 [INFO] Observed shift weather summary successfully committed to local analytical core.
2026-06-08 22:52:42,624 [INFO] Connecting Admin Client to Aiven cluster to clear topic 'intraday_pid_telemetry'...
2026-06-08 22:52:43,313 [INFO] Topic 'intraday_pid_telemetry' successfully dropped from cluster logs.
2026-06-08 22:52:43,313 [INFO] Waiting 5 seconds for cluster stabilization...
2026-06-08 22:52:48,744 [INFO] Topic 'intraday_pid_telemetry' successfully recreated. Topic is now completely clean!
2026-06-08 22:52:48,745 [INFO] ETL ecosystem processing cycle terminated successfully.
2026-06-08 22:52:48,869 [INFO] Starting dashboard generation cycle...
2026-06-08 22:52:48,869 [INFO] Opening unified environmental data warehouse: environmental_data.db
2026-06-08 22:52:48,889 [INFO] Node-N timeline compiled. Datapoints: 240
2026-06-08 22:52:48,892 [INFO] Node-NE timeline compiled. Datapoints: 240
2026-06-08 22:52:48,894 [INFO] Node-E timeline compiled. Datapoints: 240
2026-06-08 22:52:48,896 [INFO] Node-SE timeline compiled. Datapoints: 240
2026-06-08 22:52:48,899 [INFO] Node-S timeline compiled. Datapoints: 240
2026-06-08 22:52:48,901 [INFO] Node-SW timeline compiled. Datapoints: 240
2026-06-08 22:52:48,903 [INFO] Node-W timeline compiled. Datapoints: 240
2026-06-08 22:52:48,906 [INFO] Node-NW timeline compiled. Datapoints: 240
2026-06-08 22:52:48,910 [INFO] Dashboard rewrite finalized. Output target flushed to: index.html
2026-06-09 22:53:57,156 [INFO] --- Launching Afternoon Ingestion Phase for 2026-06-09 ---
2026-06-09 22:53:57,156 [INFO] Extracting raw weather payload data from Open-Meteo API...
2026-06-09 22:53:57,554 [INFO] Loading stage complete! Raw payload file successfully saved to: raw_json/observed_2026-06-09.json
2026-06-09 22:53:57,554 [INFO] Connecting to cloud Neon PostgreSQL database instance to archive JSONB document...
2026-06-09 22:53:58,545 [INFO] Successfully committed complete observed JSONB document payload to cloud storage.
2026-06-09 22:53:58,545 [INFO] Pipeline Execution Success: Raw payload archived to GitHub and flat arrays committed to PostgreSQL database.
2026-06-09 22:53:58,702 [INFO] Connecting to Neon PostgreSQL production node...
2026-06-09 22:53:58,862 [INFO] Extracting raw telemetry records...
2026-06-09 22:53:59,015 [INFO] Successfully extracted 2880 source entries from Postgres.
2026-06-09 22:53:59,016 [INFO] Extracting raw observed weather payload data for 2026-06-09...
2026-06-09 22:53:59,046 [INFO] Opening analytic file store at: environmental_data.db
2026-06-09 22:53:59,059 [INFO] Initializing dimensional framework in DuckDB...
2026-06-09 22:53:59,060 [INFO] Seeding static perimeter network structural dimensions...
2026-06-09 22:53:59,108 [INFO] Sorting telemetry stream rows into distinct physical fact tables...
2026-06-09 22:54:05,421 [INFO] Fact table processing complete. Total records isolated: 2880
2026-06-09 22:54:05,421 [INFO] Processing weather reality payload and computing real shift vectors...
2026-06-09 22:54:05,421 [INFO] Observed Realities Calculated: Temp: 77.5°F | Humid: 73.6% | Wind: 204.4° (SSW -> Downwind: NNE)
2026-06-09 22:54:05,427 [INFO] Observed shift weather summary successfully committed to local analytical core.
2026-06-09 22:54:05,458 [INFO] Connecting Admin Client to Aiven cluster to clear topic 'intraday_pid_telemetry'...
2026-06-09 22:54:06,599 [INFO] Topic 'intraday_pid_telemetry' successfully dropped from cluster logs.
2026-06-09 22:54:06,599 [INFO] Waiting 5 seconds for cluster stabilization...
2026-06-09 22:54:12,012 [INFO] Topic 'intraday_pid_telemetry' successfully recreated. Topic is now completely clean!
2026-06-09 22:54:12,013 [INFO] ETL ecosystem processing cycle terminated successfully.
2026-06-09 22:54:12,134 [INFO] Starting dashboard generation cycle...
2026-06-09 22:54:12,134 [INFO] Opening unified environmental data warehouse: environmental_data.db
2026-06-09 22:54:12,154 [INFO] Node-N timeline compiled. Datapoints: 360
2026-06-09 22:54:12,156 [INFO] Node-NE timeline compiled. Datapoints: 360
2026-06-09 22:54:12,159 [INFO] Node-E timeline compiled. Datapoints: 360
2026-06-09 22:54:12,161 [INFO] Node-SE timeline compiled. Datapoints: 360
2026-06-09 22:54:12,164 [INFO] Node-S timeline compiled. Datapoints: 360
2026-06-09 22:54:12,166 [INFO] Node-SW timeline compiled. Datapoints: 360
2026-06-09 22:54:12,169 [INFO] Node-W timeline compiled. Datapoints: 360
2026-06-09 22:54:12,171 [INFO] Node-NW timeline compiled. Datapoints: 360
2026-06-09 22:54:12,175 [INFO] Dashboard rewrite finalized. Output target flushed to: index.html
2026-06-10 23:00:00,834 [INFO] --- Launching Afternoon Ingestion Phase for 2026-06-10 ---
2026-06-10 23:00:00,834 [INFO] Extracting raw weather payload data from Open-Meteo API...
2026-06-10 23:00:08,311 [INFO] Loading stage complete! Raw payload file successfully saved to: raw_json/observed_2026-06-10.json
2026-06-10 23:00:08,312 [INFO] Connecting to cloud Neon PostgreSQL database instance to archive JSONB document...
2026-06-10 23:00:09,190 [INFO] Successfully committed complete observed JSONB document payload to cloud storage.
2026-06-10 23:00:09,190 [INFO] Pipeline Execution Success: Raw payload archived to GitHub and flat arrays committed to PostgreSQL database.
2026-06-10 23:00:09,342 [INFO] Connecting to Neon PostgreSQL production node...
2026-06-10 23:00:09,463 [INFO] Extracting raw telemetry records...
2026-06-10 23:00:09,598 [INFO] Successfully extracted 2880 source entries from Postgres.
2026-06-10 23:00:09,598 [INFO] Extracting raw observed weather payload data for 2026-06-10...
2026-06-10 23:00:09,623 [INFO] Opening analytic file store at: environmental_data.db
2026-06-10 23:00:09,635 [INFO] Initializing dimensional framework in DuckDB...
2026-06-10 23:00:09,636 [INFO] Seeding static perimeter network structural dimensions...
2026-06-10 23:00:09,686 [INFO] Sorting telemetry stream rows into distinct physical fact tables...
2026-06-10 23:00:16,400 [INFO] Fact table processing complete. Total records isolated: 2880
2026-06-10 23:00:16,400 [INFO] Processing weather reality payload and computing real shift vectors...
2026-06-10 23:00:16,400 [INFO] Observed Realities Calculated: Temp: 70.9°F | Humid: 95.3% | Wind: 213.9° (SW -> Downwind: NE)
2026-06-10 23:00:16,406 [INFO] Observed shift weather summary successfully committed to local analytical core.
2026-06-10 23:00:16,438 [INFO] Connecting Admin Client to Aiven cluster to clear topic 'intraday_pid_telemetry'...
2026-06-10 23:00:18,230 [INFO] Topic 'intraday_pid_telemetry' successfully dropped from cluster logs.
2026-06-10 23:00:18,230 [INFO] Waiting 5 seconds for cluster stabilization...
2026-06-10 23:00:23,648 [INFO] Topic 'intraday_pid_telemetry' successfully recreated. Topic is now completely clean!
2026-06-10 23:00:23,649 [INFO] ETL ecosystem processing cycle terminated successfully.
2026-06-10 23:00:23,760 [INFO] Starting dashboard generation cycle...
2026-06-10 23:00:23,760 [INFO] Opening unified environmental data warehouse: environmental_data.db
2026-06-10 23:00:23,780 [INFO] Node-N timeline compiled. Datapoints: 360
2026-06-10 23:00:23,782 [INFO] Node-NE timeline compiled. Datapoints: 360
2026-06-10 23:00:23,785 [INFO] Node-E timeline compiled. Datapoints: 360
2026-06-10 23:00:23,787 [INFO] Node-SE timeline compiled. Datapoints: 360
2026-06-10 23:00:23,790 [INFO] Node-S timeline compiled. Datapoints: 360
2026-06-10 23:00:23,792 [INFO] Node-SW timeline compiled. Datapoints: 360
2026-06-10 23:00:23,795 [INFO] Node-W timeline compiled. Datapoints: 360
2026-06-10 23:00:23,797 [INFO] Node-NW timeline compiled. Datapoints: 360
2026-06-10 23:00:23,801 [INFO] Dashboard rewrite finalized. Output target flushed to: index.html
2026-06-11 23:00:03,035 [INFO] --- Launching Afternoon Ingestion Phase for 2026-06-11 ---
2026-06-11 23:00:03,035 [INFO] Extracting raw weather payload data from Open-Meteo API...
2026-06-11 23:00:04,835 [INFO] Loading stage complete! Raw payload file successfully saved to: raw_json/observed_2026-06-11.json
2026-06-11 23:00:04,835 [INFO] Connecting to cloud Neon PostgreSQL database instance to archive JSONB document...
2026-06-11 23:00:06,149 [INFO] Successfully committed complete observed JSONB document payload to cloud storage.
2026-06-11 23:00:06,149 [INFO] Pipeline Execution Success: Raw payload archived to GitHub and flat arrays committed to PostgreSQL database.
2026-06-11 23:00:06,304 [INFO] Connecting to Neon PostgreSQL production node...
2026-06-11 23:00:06,677 [INFO] Extracting raw telemetry records...
2026-06-11 23:00:07,044 [INFO] Successfully extracted 2880 source entries from Postgres.
2026-06-11 23:00:07,044 [INFO] Extracting raw observed weather payload data for 2026-06-11...
2026-06-11 23:00:07,112 [INFO] Opening analytic file store at: environmental_data.db
2026-06-11 23:00:07,123 [INFO] Initializing dimensional framework in DuckDB...
2026-06-11 23:00:07,125 [INFO] Seeding static perimeter network structural dimensions...
2026-06-11 23:00:07,175 [INFO] Sorting telemetry stream rows into distinct physical fact tables...
2026-06-11 23:00:13,751 [INFO] Fact table processing complete. Total records isolated: 2880
2026-06-11 23:00:13,751 [INFO] Processing weather reality payload and computing real shift vectors...
2026-06-11 23:00:13,751 [INFO] Observed Realities Calculated: Temp: 75.7°F | Humid: 83.5% | Wind: 212.9° (SSW -> Downwind: NNE)
2026-06-11 23:00:13,757 [INFO] Observed shift weather summary successfully committed to local analytical core.
2026-06-11 23:00:13,787 [INFO] Connecting Admin Client to Aiven cluster to clear topic 'intraday_pid_telemetry'...
2026-06-11 23:00:16,523 [INFO] Topic 'intraday_pid_telemetry' successfully dropped from cluster logs.
2026-06-11 23:00:16,523 [INFO] Waiting 5 seconds for cluster stabilization...
2026-06-11 23:00:22,964 [INFO] Topic 'intraday_pid_telemetry' successfully recreated. Topic is now completely clean!
2026-06-11 23:00:22,965 [INFO] ETL ecosystem processing cycle terminated successfully.
2026-06-11 23:00:23,079 [INFO] Starting dashboard generation cycle...
2026-06-11 23:00:23,079 [INFO] Opening unified environmental data warehouse: environmental_data.db
2026-06-11 23:00:23,099 [INFO] Node-N timeline compiled. Datapoints: 360
2026-06-11 23:00:23,101 [INFO] Node-NE timeline compiled. Datapoints: 360
2026-06-11 23:00:23,103 [INFO] Node-E timeline compiled. Datapoints: 360
2026-06-11 23:00:23,106 [INFO] Node-SE timeline compiled. Datapoints: 360
2026-06-11 23:00:23,108 [INFO] Node-S timeline compiled. Datapoints: 360
2026-06-11 23:00:23,111 [INFO] Node-SW timeline compiled. Datapoints: 360
2026-06-11 23:00:23,113 [INFO] Node-W timeline compiled. Datapoints: 360
2026-06-11 23:00:23,115 [INFO] Node-NW timeline compiled. Datapoints: 360
2026-06-11 23:00:23,120 [INFO] Dashboard rewrite finalized. Output target flushed to: index.html
2026-06-12 22:50:37,254 [INFO] --- Launching Afternoon Ingestion Phase for 2026-06-12 ---
2026-06-12 22:50:37,254 [INFO] Extracting raw weather payload data from Open-Meteo API...
2026-06-12 22:50:37,893 [INFO] Loading stage complete! Raw payload file successfully saved to: raw_json/observed_2026-06-12.json
2026-06-12 22:50:37,893 [INFO] Connecting to cloud Neon PostgreSQL database instance to archive JSONB document...
2026-06-12 22:50:39,268 [INFO] Successfully committed complete observed JSONB document payload to cloud storage.
2026-06-12 22:50:39,269 [INFO] Pipeline Execution Success: Raw payload archived to GitHub and flat arrays committed to PostgreSQL database.
2026-06-12 22:50:39,431 [INFO] Connecting to Neon PostgreSQL production node...
2026-06-12 22:50:39,586 [INFO] Extracting raw telemetry records...
2026-06-12 22:50:39,737 [INFO] Successfully extracted 2880 source entries from Postgres.
2026-06-12 22:50:39,737 [INFO] Extracting raw observed weather payload data for 2026-06-12...
2026-06-12 22:50:39,768 [INFO] Opening analytic file store at: environmental_data.db
2026-06-12 22:50:39,780 [INFO] Initializing dimensional framework in DuckDB...
2026-06-12 22:50:39,782 [INFO] Seeding static perimeter network structural dimensions...
2026-06-12 22:50:39,831 [INFO] Sorting telemetry stream rows into distinct physical fact tables...
2026-06-12 22:50:46,032 [INFO] Fact table processing complete. Total records isolated: 2880
2026-06-12 22:50:46,032 [INFO] Processing weather reality payload and computing real shift vectors...
2026-06-12 22:50:46,032 [INFO] Observed Realities Calculated: Temp: 70.1°F | Humid: 83.9% | Wind: 225.5° (SW -> Downwind: NE)
2026-06-12 22:50:46,038 [INFO] Observed shift weather summary successfully committed to local analytical core.
2026-06-12 22:50:46,073 [INFO] Connecting Admin Client to Aiven cluster to clear topic 'intraday_pid_telemetry'...
2026-06-12 22:50:46,964 [INFO] Topic 'intraday_pid_telemetry' successfully dropped from cluster logs.
2026-06-12 22:50:46,964 [INFO] Waiting 5 seconds for cluster stabilization...
2026-06-12 22:50:52,280 [INFO] Topic 'intraday_pid_telemetry' successfully recreated. Topic is now completely clean!
2026-06-12 22:50:52,281 [INFO] ETL ecosystem processing cycle terminated successfully.
2026-06-12 22:50:52,402 [INFO] Starting dashboard generation cycle...
2026-06-12 22:50:52,402 [INFO] Opening unified environmental data warehouse: environmental_data.db
2026-06-12 22:50:52,421 [INFO] Node-N timeline compiled. Datapoints: 360
2026-06-12 22:50:52,424 [INFO] Node-NE timeline compiled. Datapoints: 360
2026-06-12 22:50:52,426 [INFO] Node-E timeline compiled. Datapoints: 360
2026-06-12 22:50:52,429 [INFO] Node-SE timeline compiled. Datapoints: 360
2026-06-12 22:50:52,431 [INFO] Node-S timeline compiled. Datapoints: 360
2026-06-12 22:50:52,434 [INFO] Node-SW timeline compiled. Datapoints: 360
2026-06-12 22:50:52,436 [INFO] Node-W timeline compiled. Datapoints: 360
2026-06-12 22:50:52,439 [INFO] Node-NW timeline compiled. Datapoints: 360
2026-06-12 22:50:52,443 [INFO] Dashboard rewrite finalized. Output target flushed to: index.html
2026-06-15 23:12:38,194 [INFO] --- Launching Afternoon Ingestion Phase for 2026-06-15 ---
2026-06-15 23:12:38,194 [INFO] Extracting raw weather payload data from Open-Meteo API...
2026-06-15 23:12:38,610 [INFO] Loading stage complete! Raw payload file successfully saved to: raw_json/observed_2026-06-15.json
2026-06-15 23:12:38,610 [INFO] Connecting to cloud Neon PostgreSQL database instance to archive JSONB document...
2026-06-15 23:12:39,441 [INFO] Successfully committed complete observed JSONB document payload to cloud storage.
2026-06-15 23:12:39,442 [INFO] Pipeline Execution Success: Raw payload archived to GitHub and flat arrays committed to PostgreSQL database.
2026-06-15 23:12:39,623 [INFO] Connecting to Neon PostgreSQL production node...
2026-06-15 23:12:39,756 [INFO] Extracting raw telemetry records...
2026-06-15 23:12:39,870 [INFO] Successfully extracted 1920 source entries from Postgres.
2026-06-15 23:12:39,870 [INFO] Extracting raw observed weather payload data for 2026-06-15...
2026-06-15 23:12:39,897 [INFO] Opening analytic file store at: environmental_data.db
2026-06-15 23:12:39,909 [INFO] Initializing dimensional framework in DuckDB...
2026-06-15 23:12:39,911 [INFO] Seeding static perimeter network structural dimensions...
2026-06-15 23:12:39,958 [INFO] Sorting telemetry stream rows into distinct physical fact tables...
2026-06-15 23:12:44,180 [INFO] Fact table processing complete. Total records isolated: 1920
2026-06-15 23:12:44,180 [INFO] Processing weather reality payload and computing real shift vectors...
2026-06-15 23:12:44,180 [INFO] Observed Realities Calculated: Temp: 57.9°F | Humid: 69.4% | Wind: 261.1° (W -> Downwind: E)
2026-06-15 23:12:44,187 [INFO] Observed shift weather summary successfully committed to local analytical core.
2026-06-15 23:12:44,217 [INFO] Connecting Admin Client to Aiven cluster to clear topic 'intraday_pid_telemetry'...
2026-06-15 23:12:45,352 [INFO] Topic 'intraday_pid_telemetry' successfully dropped from cluster logs.
2026-06-15 23:12:45,353 [INFO] Waiting 5 seconds for cluster stabilization...
2026-06-15 23:12:50,971 [INFO] Topic 'intraday_pid_telemetry' successfully recreated. Topic is now completely clean!
2026-06-15 23:12:50,972 [INFO] ETL ecosystem processing cycle terminated successfully.
2026-06-15 23:12:51,091 [INFO] Starting dashboard generation cycle...
2026-06-15 23:12:51,091 [INFO] Opening unified environmental data warehouse: environmental_data.db
2026-06-15 23:12:51,111 [INFO] Node-N timeline compiled. Datapoints: 240
2026-06-15 23:12:51,113 [INFO] Node-NE timeline compiled. Datapoints: 240
2026-06-15 23:12:51,115 [INFO] Node-E timeline compiled. Datapoints: 240
2026-06-15 23:12:51,118 [INFO] Node-SE timeline compiled. Datapoints: 240
2026-06-15 23:12:51,120 [INFO] Node-S timeline compiled. Datapoints: 240
2026-06-15 23:12:51,122 [INFO] Node-SW timeline compiled. Datapoints: 240
2026-06-15 23:12:51,124 [INFO] Node-W timeline compiled. Datapoints: 240
2026-06-15 23:12:51,127 [INFO] Node-NW timeline compiled. Datapoints: 240
2026-06-15 23:12:51,131 [INFO] Dashboard rewrite finalized. Output target flushed to: index.html
2026-06-16 22:58:50,646 [INFO] --- Launching Afternoon Ingestion Phase for 2026-06-16 ---
2026-06-16 22:58:50,646 [INFO] Extracting raw weather payload data from Open-Meteo API...
2026-06-16 22:58:51,495 [INFO] Loading stage complete! Raw payload file successfully saved to: raw_json/observed_2026-06-16.json
2026-06-16 22:58:51,495 [INFO] Connecting to cloud Neon PostgreSQL database instance to archive JSONB document...
2026-06-16 22:58:52,515 [INFO] Successfully committed complete observed JSONB document payload to cloud storage.
2026-06-16 22:58:52,515 [INFO] Pipeline Execution Success: Raw payload archived to GitHub and flat arrays committed to PostgreSQL database.
2026-06-16 22:58:52,656 [INFO] Connecting to Neon PostgreSQL production node...
2026-06-16 22:58:52,792 [INFO] Extracting raw telemetry records...
2026-06-16 22:58:52,907 [INFO] Successfully extracted 1920 source entries from Postgres.
2026-06-16 22:58:52,907 [INFO] Extracting raw observed weather payload data for 2026-06-16...
2026-06-16 22:58:52,935 [INFO] Opening analytic file store at: environmental_data.db
2026-06-16 22:58:52,946 [INFO] Initializing dimensional framework in DuckDB...
2026-06-16 22:58:52,948 [INFO] Seeding static perimeter network structural dimensions...
2026-06-16 22:58:52,996 [INFO] Sorting telemetry stream rows into distinct physical fact tables...
2026-06-16 22:58:57,088 [INFO] Fact table processing complete. Total records isolated: 1920
2026-06-16 22:58:57,088 [INFO] Processing weather reality payload and computing real shift vectors...
2026-06-16 22:58:57,089 [INFO] Observed Realities Calculated: Temp: 68.5°F | Humid: 56.5% | Wind: 214.4° (SW -> Downwind: NE)
2026-06-16 22:58:57,095 [INFO] Observed shift weather summary successfully committed to local analytical core.
2026-06-16 22:58:57,126 [INFO] Connecting Admin Client to Aiven cluster to clear topic 'intraday_pid_telemetry'...
2026-06-16 22:58:58,116 [INFO] Topic 'intraday_pid_telemetry' successfully dropped from cluster logs.
2026-06-16 22:58:58,116 [INFO] Waiting 5 seconds for cluster stabilization...
2026-06-16 22:59:03,654 [INFO] Topic 'intraday_pid_telemetry' successfully recreated. Topic is now completely clean!
2026-06-16 22:59:03,654 [INFO] ETL ecosystem processing cycle terminated successfully.
2026-06-16 22:59:03,758 [INFO] Starting dashboard generation cycle...
2026-06-16 22:59:03,758 [INFO] Opening unified environmental data warehouse: environmental_data.db
2026-06-16 22:59:03,778 [INFO] Node-N timeline compiled. Datapoints: 240
2026-06-16 22:59:03,780 [INFO] Node-NE timeline compiled. Datapoints: 240
2026-06-16 22:59:03,783 [INFO] Node-E timeline compiled. Datapoints: 240
2026-06-16 22:59:03,785 [INFO] Node-SE timeline compiled. Datapoints: 240
2026-06-16 22:59:03,787 [INFO] Node-S timeline compiled. Datapoints: 240
2026-06-16 22:59:03,790 [INFO] Node-SW timeline compiled. Datapoints: 240
2026-06-16 22:59:03,792 [INFO] Node-W timeline compiled. Datapoints: 240
2026-06-16 22:59:03,795 [INFO] Node-NW timeline compiled. Datapoints: 240
2026-06-16 22:59:03,798 [INFO] Dashboard rewrite finalized. Output target flushed to: index.html
2026-06-17 22:54:25,861 [INFO] --- Launching Afternoon Ingestion Phase for 2026-06-17 ---
2026-06-17 22:54:25,861 [INFO] Extracting raw weather payload data from Open-Meteo API...
2026-06-17 22:54:26,389 [INFO] Loading stage complete! Raw payload file successfully saved to: raw_json/observed_2026-06-17.json
2026-06-17 22:54:26,389 [INFO] Connecting to cloud Neon PostgreSQL database instance to archive JSONB document...
2026-06-17 22:54:27,208 [INFO] Successfully committed complete observed JSONB document payload to cloud storage.
2026-06-17 22:54:27,208 [INFO] Pipeline Execution Success: Raw payload archived to GitHub and flat arrays committed to PostgreSQL database.
2026-06-17 22:54:27,360 [INFO] Connecting to Neon PostgreSQL production node...
2026-06-17 22:54:27,490 [INFO] Extracting raw telemetry records...
2026-06-17 22:54:27,619 [INFO] Successfully extracted 2880 source entries from Postgres.
2026-06-17 22:54:27,619 [INFO] Extracting raw observed weather payload data for 2026-06-17...
2026-06-17 22:54:27,645 [INFO] Opening analytic file store at: environmental_data.db
2026-06-17 22:54:27,657 [INFO] Initializing dimensional framework in DuckDB...
2026-06-17 22:54:27,658 [INFO] Seeding static perimeter network structural dimensions...
2026-06-17 22:54:27,708 [INFO] Sorting telemetry stream rows into distinct physical fact tables...
2026-06-17 22:54:33,947 [INFO] Fact table processing complete. Total records isolated: 2880
2026-06-17 22:54:33,947 [INFO] Processing weather reality payload and computing real shift vectors...
2026-06-17 22:54:33,947 [INFO] Observed Realities Calculated: Temp: 68.0°F | Humid: 72.4% | Wind: 211.0° (SSW -> Downwind: NNE)
2026-06-17 22:54:33,953 [INFO] Observed shift weather summary successfully committed to local analytical core.
2026-06-17 22:54:33,987 [INFO] Connecting Admin Client to Aiven cluster to clear topic 'intraday_pid_telemetry'...
2026-06-17 22:54:34,966 [INFO] Topic 'intraday_pid_telemetry' successfully dropped from cluster logs.
2026-06-17 22:54:34,966 [INFO] Waiting 5 seconds for cluster stabilization...
2026-06-17 22:54:40,417 [INFO] Topic 'intraday_pid_telemetry' successfully recreated. Topic is now completely clean!
2026-06-17 22:54:40,418 [INFO] ETL ecosystem processing cycle terminated successfully.
2026-06-17 22:54:40,537 [INFO] Starting dashboard generation cycle...
2026-06-17 22:54:40,537 [INFO] Opening unified environmental data warehouse: environmental_data.db
2026-06-17 22:54:40,557 [INFO] Node-N timeline compiled. Datapoints: 360
2026-06-17 22:54:40,560 [INFO] Node-NE timeline compiled. Datapoints: 360
2026-06-17 22:54:40,562 [INFO] Node-E timeline compiled. Datapoints: 360
2026-06-17 22:54:40,565 [INFO] Node-SE timeline compiled. Datapoints: 360
2026-06-17 22:54:40,567 [INFO] Node-S timeline compiled. Datapoints: 360
2026-06-17 22:54:40,569 [INFO] Node-SW timeline compiled. Datapoints: 360
2026-06-17 22:54:40,572 [INFO] Node-W timeline compiled. Datapoints: 360
2026-06-17 22:54:40,574 [INFO] Node-NW timeline compiled. Datapoints: 360
2026-06-17 22:54:40,579 [INFO] Dashboard rewrite finalized. Output target flushed to: index.html
2026-06-18 23:12:19,538 [INFO] --- Launching Afternoon Ingestion Phase for 2026-06-18 ---
2026-06-18 23:12:19,538 [INFO] Extracting raw weather payload data from Open-Meteo API...
2026-06-18 23:12:19,969 [INFO] Loading stage complete! Raw payload file successfully saved to: raw_json/observed_2026-06-18.json
2026-06-18 23:12:19,969 [INFO] Connecting to cloud Neon PostgreSQL database instance to archive JSONB document...
2026-06-18 23:12:20,851 [INFO] Successfully committed complete observed JSONB document payload to cloud storage.
2026-06-18 23:12:20,851 [INFO] Pipeline Execution Success: Raw payload archived to GitHub and flat arrays committed to PostgreSQL database.
2026-06-18 23:12:21,010 [INFO] Connecting to Neon PostgreSQL production node...
2026-06-18 23:12:21,125 [INFO] Extracting raw telemetry records...
2026-06-18 23:12:21,245 [INFO] Successfully extracted 2880 source entries from Postgres.
2026-06-18 23:12:21,246 [INFO] Extracting raw observed weather payload data for 2026-06-18...
2026-06-18 23:12:21,271 [INFO] Opening analytic file store at: environmental_data.db
2026-06-18 23:12:21,282 [INFO] Initializing dimensional framework in DuckDB...
2026-06-18 23:12:21,284 [INFO] Seeding static perimeter network structural dimensions...
2026-06-18 23:12:21,331 [INFO] Sorting telemetry stream rows into distinct physical fact tables...
2026-06-18 23:12:28,457 [INFO] Fact table processing complete. Total records isolated: 2880
2026-06-18 23:12:28,457 [INFO] Processing weather reality payload and computing real shift vectors...
2026-06-18 23:12:28,457 [INFO] Observed Realities Calculated: Temp: 68.8°F | Humid: 78.8% | Wind: 228.4° (SW -> Downwind: NE)
2026-06-18 23:12:28,463 [INFO] Observed shift weather summary successfully committed to local analytical core.
2026-06-18 23:12:28,497 [INFO] Connecting Admin Client to Aiven cluster to clear topic 'intraday_pid_telemetry'...
2026-06-18 23:12:29,601 [INFO] Topic 'intraday_pid_telemetry' successfully dropped from cluster logs.
2026-06-18 23:12:29,601 [INFO] Waiting 5 seconds for cluster stabilization...
2026-06-18 23:12:35,092 [INFO] Topic 'intraday_pid_telemetry' successfully recreated. Topic is now completely clean!
2026-06-18 23:12:35,093 [INFO] ETL ecosystem processing cycle terminated successfully.
2026-06-18 23:12:35,205 [INFO] Starting dashboard generation cycle...
2026-06-18 23:12:35,205 [INFO] Opening unified environmental data warehouse: environmental_data.db
2026-06-18 23:12:35,224 [INFO] Node-N timeline compiled. Datapoints: 360
2026-06-18 23:12:35,227 [INFO] Node-NE timeline compiled. Datapoints: 360
2026-06-18 23:12:35,229 [INFO] Node-E timeline compiled. Datapoints: 360
2026-06-18 23:12:35,231 [INFO] Node-SE timeline compiled. Datapoints: 360
2026-06-18 23:12:35,234 [INFO] Node-S timeline compiled. Datapoints: 360
2026-06-18 23:12:35,237 [INFO] Node-SW timeline compiled. Datapoints: 360
2026-06-18 23:12:35,239 [INFO] Node-W timeline compiled. Datapoints: 360
2026-06-18 23:12:35,242 [INFO] Node-NW timeline compiled. Datapoints: 360
2026-06-18 23:12:35,246 [INFO] Dashboard rewrite finalized. Output target flushed to: index.html
2026-06-19 22:15:43,662 [INFO] --- Launching Afternoon Ingestion Phase for 2026-06-19 ---
2026-06-19 22:15:43,662 [INFO] Extracting raw weather payload data from Open-Meteo API...
2026-06-19 22:15:44,098 [INFO] Loading stage complete! Raw payload file successfully saved to: raw_json/observed_2026-06-19.json
2026-06-19 22:15:44,098 [INFO] Connecting to cloud Neon PostgreSQL database instance to archive JSONB document...
2026-06-19 22:15:45,423 [INFO] Successfully committed complete observed JSONB document payload to cloud storage.
2026-06-19 22:15:45,423 [INFO] Pipeline Execution Success: Raw payload archived to GitHub and flat arrays committed to PostgreSQL database.
2026-06-19 22:15:45,572 [INFO] Connecting to Neon PostgreSQL production node...
2026-06-19 22:15:45,683 [INFO] Extracting raw telemetry records...
2026-06-19 22:15:45,791 [INFO] Successfully extracted 2880 source entries from Postgres.
2026-06-19 22:15:45,791 [INFO] Extracting raw observed weather payload data for 2026-06-19...
2026-06-19 22:15:45,814 [INFO] Opening analytic file store at: environmental_data.db
2026-06-19 22:15:45,825 [INFO] Initializing dimensional framework in DuckDB...
2026-06-19 22:15:45,827 [INFO] Seeding static perimeter network structural dimensions...
2026-06-19 22:15:45,877 [INFO] Sorting telemetry stream rows into distinct physical fact tables...
2026-06-19 22:15:52,704 [INFO] Fact table processing complete. Total records isolated: 2880
2026-06-19 22:15:52,704 [INFO] Processing weather reality payload and computing real shift vectors...
2026-06-19 22:15:52,704 [INFO] Observed Realities Calculated: Temp: 66.7°F | Humid: 74.7% | Wind: 236.9° (WSW -> Downwind: ENE)
2026-06-19 22:15:52,709 [INFO] Observed shift weather summary successfully committed to local analytical core.
2026-06-19 22:15:52,740 [INFO] Connecting Admin Client to Aiven cluster to clear topic 'intraday_pid_telemetry'...
2026-06-19 22:15:53,643 [INFO] Topic 'intraday_pid_telemetry' successfully dropped from cluster logs.
2026-06-19 22:15:53,643 [INFO] Waiting 5 seconds for cluster stabilization...
2026-06-19 22:15:59,025 [INFO] Topic 'intraday_pid_telemetry' successfully recreated. Topic is now completely clean!
2026-06-19 22:15:59,026 [INFO] ETL ecosystem processing cycle terminated successfully.
2026-06-19 22:15:59,138 [INFO] Starting dashboard generation cycle...
2026-06-19 22:15:59,138 [INFO] Opening unified environmental data warehouse: environmental_data.db
2026-06-19 22:15:59,157 [INFO] Node-N timeline compiled. Datapoints: 360
2026-06-19 22:15:59,160 [INFO] Node-NE timeline compiled. Datapoints: 360
2026-06-19 22:15:59,162 [INFO] Node-E timeline compiled. Datapoints: 360
2026-06-19 22:15:59,164 [INFO] Node-SE timeline compiled. Datapoints: 360
2026-06-19 22:15:59,166 [INFO] Node-S timeline compiled. Datapoints: 360
2026-06-19 22:15:59,169 [INFO] Node-SW timeline compiled. Datapoints: 360
2026-06-19 22:15:59,171 [INFO] Node-W timeline compiled. Datapoints: 360
2026-06-19 22:15:59,173 [INFO] Node-NW timeline compiled. Datapoints: 360
2026-06-19 22:15:59,178 [INFO] Dashboard rewrite finalized. Output target flushed to: index.html
2026-06-22 22:57:32,487 [INFO] --- Launching Afternoon Ingestion Phase for 2026-06-22 ---
2026-06-22 22:57:32,487 [INFO] Extracting raw weather payload data from Open-Meteo API...
2026-06-22 22:57:32,919 [INFO] Loading stage complete! Raw payload file successfully saved to: raw_json/observed_2026-06-22.json
2026-06-22 22:57:32,920 [INFO] Connecting to cloud Neon PostgreSQL database instance to archive JSONB document...
2026-06-22 22:57:33,733 [INFO] Successfully committed complete observed JSONB document payload to cloud storage.
2026-06-22 22:57:33,733 [INFO] Pipeline Execution Success: Raw payload archived to GitHub and flat arrays committed to PostgreSQL database.
2026-06-22 22:57:33,887 [INFO] Connecting to Neon PostgreSQL production node...
2026-06-22 22:57:33,994 [INFO] Extracting raw telemetry records...
2026-06-22 22:57:34,079 [INFO] Successfully extracted 1920 source entries from Postgres.
2026-06-22 22:57:34,079 [INFO] Extracting raw observed weather payload data for 2026-06-22...
2026-06-22 22:57:34,103 [INFO] Opening analytic file store at: environmental_data.db
2026-06-22 22:57:34,114 [INFO] Initializing dimensional framework in DuckDB...
2026-06-22 22:57:34,116 [INFO] Seeding static perimeter network structural dimensions...
2026-06-22 22:57:34,166 [INFO] Sorting telemetry stream rows into distinct physical fact tables...
2026-06-22 22:57:38,477 [INFO] Fact table processing complete. Total records isolated: 1920
2026-06-22 22:57:38,477 [INFO] Processing weather reality payload and computing real shift vectors...
2026-06-22 22:57:38,477 [INFO] Observed Realities Calculated: Temp: 61.2°F | Humid: 91.5% | Wind: 67.4° (ENE -> Downwind: WSW)
2026-06-22 22:57:38,483 [INFO] Observed shift weather summary successfully committed to local analytical core.
2026-06-22 22:57:38,515 [INFO] Connecting Admin Client to Aiven cluster to clear topic 'intraday_pid_telemetry'...
2026-06-22 22:57:39,772 [INFO] Topic 'intraday_pid_telemetry' successfully dropped from cluster logs.
2026-06-22 22:57:39,773 [INFO] Waiting 5 seconds for cluster stabilization...
2026-06-22 22:57:45,189 [INFO] Topic 'intraday_pid_telemetry' successfully recreated. Topic is now completely clean!
2026-06-22 22:57:45,190 [INFO] ETL ecosystem processing cycle terminated successfully.
2026-06-22 22:57:45,309 [INFO] Starting dashboard generation cycle...
2026-06-22 22:57:45,309 [INFO] Opening unified environmental data warehouse: environmental_data.db
2026-06-22 22:57:45,329 [INFO] Node-N timeline compiled. Datapoints: 240
2026-06-22 22:57:45,332 [INFO] Node-NE timeline compiled. Datapoints: 240
2026-06-22 22:57:45,334 [INFO] Node-E timeline compiled. Datapoints: 240
2026-06-22 22:57:45,336 [INFO] Node-SE timeline compiled. Datapoints: 240
2026-06-22 22:57:45,339 [INFO] Node-S timeline compiled. Datapoints: 240
2026-06-22 22:57:45,341 [INFO] Node-SW timeline compiled. Datapoints: 240
2026-06-22 22:57:45,343 [INFO] Node-W timeline compiled. Datapoints: 240
2026-06-22 22:57:45,346 [INFO] Node-NW timeline compiled. Datapoints: 240
2026-06-22 22:57:45,350 [INFO] Dashboard rewrite finalized. Output target flushed to: index.html
2026-06-23 22:40:46,983 [INFO] --- Launching Afternoon Ingestion Phase for 2026-06-23 ---
2026-06-23 22:40:46,984 [INFO] Extracting raw weather payload data from Open-Meteo API...
2026-06-23 22:40:47,411 [INFO] Loading stage complete! Raw payload file successfully saved to: raw_json/observed_2026-06-23.json
2026-06-23 22:40:47,411 [INFO] Connecting to cloud Neon PostgreSQL database instance to archive JSONB document...
2026-06-23 22:40:48,249 [INFO] Successfully committed complete observed JSONB document payload to cloud storage.
2026-06-23 22:40:48,249 [INFO] Pipeline Execution Success: Raw payload archived to GitHub and flat arrays committed to PostgreSQL database.
2026-06-23 22:40:48,399 [INFO] Connecting to Neon PostgreSQL production node...
2026-06-23 22:40:48,524 [INFO] Extracting raw telemetry records...
2026-06-23 22:40:48,644 [INFO] Successfully extracted 2880 source entries from Postgres.
2026-06-23 22:40:48,644 [INFO] Extracting raw observed weather payload data for 2026-06-23...
2026-06-23 22:40:48,670 [INFO] Opening analytic file store at: environmental_data.db
2026-06-23 22:40:48,682 [INFO] Initializing dimensional framework in DuckDB...
2026-06-23 22:40:48,684 [INFO] Seeding static perimeter network structural dimensions...
2026-06-23 22:40:48,732 [INFO] Sorting telemetry stream rows into distinct physical fact tables...
2026-06-23 22:40:55,073 [INFO] Fact table processing complete. Total records isolated: 2880
2026-06-23 22:40:55,073 [INFO] Processing weather reality payload and computing real shift vectors...
2026-06-23 22:40:55,073 [INFO] Observed Realities Calculated: Temp: 68.9°F | Humid: 65.5% | Wind: 275.5° (W -> Downwind: E)
2026-06-23 22:40:55,079 [INFO] Observed shift weather summary successfully committed to local analytical core.
2026-06-23 22:40:55,111 [INFO] Connecting Admin Client to Aiven cluster to clear topic 'intraday_pid_telemetry'...
2026-06-23 22:40:55,893 [INFO] Topic 'intraday_pid_telemetry' successfully dropped from cluster logs.
2026-06-23 22:40:55,893 [INFO] Waiting 5 seconds for cluster stabilization...
2026-06-23 22:41:01,394 [INFO] Topic 'intraday_pid_telemetry' successfully recreated. Topic is now completely clean!
2026-06-23 22:41:01,395 [INFO] ETL ecosystem processing cycle terminated successfully.
2026-06-23 22:41:01,517 [INFO] Starting dashboard generation cycle...
2026-06-23 22:41:01,517 [INFO] Opening unified environmental data warehouse: environmental_data.db
2026-06-23 22:41:01,538 [INFO] Node-N timeline compiled. Datapoints: 360
2026-06-23 22:41:01,540 [INFO] Node-NE timeline compiled. Datapoints: 360
2026-06-23 22:41:01,543 [INFO] Node-E timeline compiled. Datapoints: 360
2026-06-23 22:41:01,545 [INFO] Node-SE timeline compiled. Datapoints: 360
2026-06-23 22:41:01,548 [INFO] Node-S timeline compiled. Datapoints: 360
2026-06-23 22:41:01,550 [INFO] Node-SW timeline compiled. Datapoints: 360
2026-06-23 22:41:01,553 [INFO] Node-W timeline compiled. Datapoints: 360
2026-06-23 22:41:01,555 [INFO] Node-NW timeline compiled. Datapoints: 360
2026-06-23 22:41:01,560 [INFO] Dashboard rewrite finalized. Output target flushed to: index.html
2026-06-24 22:41:44,566 [INFO] --- Launching Afternoon Ingestion Phase for 2026-06-24 ---
2026-06-24 22:41:44,566 [INFO] Extracting raw weather payload data from Open-Meteo API...
2026-06-24 22:41:45,034 [INFO] Loading stage complete! Raw payload file successfully saved to: raw_json/observed_2026-06-24.json
2026-06-24 22:41:45,034 [INFO] Connecting to cloud Neon PostgreSQL database instance to archive JSONB document...
2026-06-24 22:41:45,942 [INFO] Successfully committed complete observed JSONB document payload to cloud storage.
2026-06-24 22:41:45,943 [INFO] Pipeline Execution Success: Raw payload archived to GitHub and flat arrays committed to PostgreSQL database.
2026-06-24 22:41:46,127 [INFO] Connecting to Neon PostgreSQL production node...
2026-06-24 22:41:46,282 [INFO] Extracting raw telemetry records...
2026-06-24 22:41:46,435 [INFO] Successfully extracted 2880 source entries from Postgres.
2026-06-24 22:41:46,436 [INFO] Extracting raw observed weather payload data for 2026-06-24...
2026-06-24 22:41:46,466 [INFO] Opening analytic file store at: environmental_data.db
2026-06-24 22:41:46,478 [INFO] Initializing dimensional framework in DuckDB...
2026-06-24 22:41:46,479 [INFO] Seeding static perimeter network structural dimensions...
2026-06-24 22:41:46,527 [INFO] Sorting telemetry stream rows into distinct physical fact tables...
2026-06-24 22:41:52,813 [INFO] Fact table processing complete. Total records isolated: 2880
2026-06-24 22:41:52,813 [INFO] Processing weather reality payload and computing real shift vectors...
2026-06-24 22:41:52,813 [INFO] Observed Realities Calculated: Temp: 68.8°F | Humid: 65.4% | Wind: 220.4° (SW -> Downwind: NE)
2026-06-24 22:41:52,819 [INFO] Observed shift weather summary successfully committed to local analytical core.
2026-06-24 22:41:52,852 [INFO] Connecting Admin Client to Aiven cluster to clear topic 'intraday_pid_telemetry'...
2026-06-24 22:41:53,574 [INFO] Topic 'intraday_pid_telemetry' successfully dropped from cluster logs.
2026-06-24 22:41:53,574 [INFO] Waiting 5 seconds for cluster stabilization...
2026-06-24 22:41:58,866 [INFO] Topic 'intraday_pid_telemetry' successfully recreated. Topic is now completely clean!
2026-06-24 22:41:58,867 [INFO] ETL ecosystem processing cycle terminated successfully.
2026-06-24 22:41:58,989 [INFO] Starting dashboard generation cycle...
2026-06-24 22:41:58,989 [INFO] Opening unified environmental data warehouse: environmental_data.db
2026-06-24 22:41:59,010 [INFO] Node-N timeline compiled. Datapoints: 360
2026-06-24 22:41:59,012 [INFO] Node-NE timeline compiled. Datapoints: 360
2026-06-24 22:41:59,015 [INFO] Node-E timeline compiled. Datapoints: 360
2026-06-24 22:41:59,017 [INFO] Node-SE timeline compiled. Datapoints: 360
2026-06-24 22:41:59,019 [INFO] Node-S timeline compiled. Datapoints: 360
2026-06-24 22:41:59,022 [INFO] Node-SW timeline compiled. Datapoints: 360
2026-06-24 22:41:59,024 [INFO] Node-W timeline compiled. Datapoints: 360
2026-06-24 22:41:59,027 [INFO] Node-NW timeline compiled. Datapoints: 360
2026-06-24 22:41:59,031 [INFO] Dashboard rewrite finalized. Output target flushed to: index.html
2026-06-25 22:51:21,664 [INFO] --- Launching Afternoon Ingestion Phase for 2026-06-25 ---
2026-06-25 22:51:21,664 [INFO] Extracting raw weather payload data from Open-Meteo API...
2026-06-25 22:51:22,331 [INFO] Loading stage complete! Raw payload file successfully saved to: raw_json/observed_2026-06-25.json
2026-06-25 22:51:22,332 [INFO] Connecting to cloud Neon PostgreSQL database instance to archive JSONB document...
2026-06-25 22:51:23,512 [INFO] Successfully committed complete observed JSONB document payload to cloud storage.
2026-06-25 22:51:23,513 [INFO] Pipeline Execution Success: Raw payload archived to GitHub and flat arrays committed to PostgreSQL database.
2026-06-25 22:51:23,656 [INFO] Connecting to Neon PostgreSQL production node...
2026-06-25 22:51:23,949 [INFO] Extracting raw telemetry records...
2026-06-25 22:51:24,237 [INFO] Successfully extracted 2880 source entries from Postgres.
2026-06-25 22:51:24,237 [INFO] Extracting raw observed weather payload data for 2026-06-25...
2026-06-25 22:51:24,290 [INFO] Opening analytic file store at: environmental_data.db
2026-06-25 22:51:24,302 [INFO] Initializing dimensional framework in DuckDB...
2026-06-25 22:51:24,303 [INFO] Seeding static perimeter network structural dimensions...
2026-06-25 22:51:24,354 [INFO] Sorting telemetry stream rows into distinct physical fact tables...
2026-06-25 22:51:30,936 [INFO] Fact table processing complete. Total records isolated: 2880
2026-06-25 22:51:30,936 [INFO] Processing weather reality payload and computing real shift vectors...
2026-06-25 22:51:30,936 [INFO] Observed Realities Calculated: Temp: 65.0°F | Humid: 87.4% | Wind: 135.7° (SE -> Downwind: NW)
2026-06-25 22:51:30,941 [INFO] Observed shift weather summary successfully committed to local analytical core.
2026-06-25 22:51:30,974 [INFO] Connecting Admin Client to Aiven cluster to clear topic 'intraday_pid_telemetry'...
2026-06-25 22:51:32,322 [INFO] Topic 'intraday_pid_telemetry' successfully dropped from cluster logs.
2026-06-25 22:51:32,322 [INFO] Waiting 5 seconds for cluster stabilization...
2026-06-25 22:51:38,666 [INFO] Topic 'intraday_pid_telemetry' successfully recreated. Topic is now completely clean!
2026-06-25 22:51:38,666 [INFO] ETL ecosystem processing cycle terminated successfully.
2026-06-25 22:51:38,778 [INFO] Starting dashboard generation cycle...
2026-06-25 22:51:38,778 [INFO] Opening unified environmental data warehouse: environmental_data.db
2026-06-25 22:51:38,797 [INFO] Node-N timeline compiled. Datapoints: 360
2026-06-25 22:51:38,799 [INFO] Node-NE timeline compiled. Datapoints: 360
2026-06-25 22:51:38,802 [INFO] Node-E timeline compiled. Datapoints: 360
2026-06-25 22:51:38,804 [INFO] Node-SE timeline compiled. Datapoints: 360
2026-06-25 22:51:38,807 [INFO] Node-S timeline compiled. Datapoints: 360
2026-06-25 22:51:38,810 [INFO] Node-SW timeline compiled. Datapoints: 360
2026-06-25 22:51:38,812 [INFO] Node-W timeline compiled. Datapoints: 360
2026-06-25 22:51:38,814 [INFO] Node-NW timeline compiled. Datapoints: 360
2026-06-25 22:51:38,819 [INFO] Dashboard rewrite finalized. Output target flushed to: index.html
2026-06-26 22:38:48,831 [INFO] --- Launching Afternoon Ingestion Phase for 2026-06-26 ---
2026-06-26 22:38:48,832 [INFO] Extracting raw weather payload data from Open-Meteo API...
2026-06-26 22:38:49,345 [INFO] Loading stage complete! Raw payload file successfully saved to: raw_json/observed_2026-06-26.json
2026-06-26 22:38:49,346 [INFO] Connecting to cloud Neon PostgreSQL database instance to archive JSONB document...
2026-06-26 22:38:50,147 [INFO] Successfully committed complete observed JSONB document payload to cloud storage.
2026-06-26 22:38:50,147 [INFO] Pipeline Execution Success: Raw payload archived to GitHub and flat arrays committed to PostgreSQL database.
2026-06-26 22:38:50,300 [INFO] Connecting to Neon PostgreSQL production node...
2026-06-26 22:38:50,382 [INFO] Extracting raw telemetry records...
2026-06-26 22:38:50,457 [INFO] Successfully extracted 2880 source entries from Postgres.
2026-06-26 22:38:50,457 [INFO] Extracting raw observed weather payload data for 2026-06-26...
2026-06-26 22:38:50,474 [INFO] Opening analytic file store at: environmental_data.db
2026-06-26 22:38:50,486 [INFO] Initializing dimensional framework in DuckDB...
2026-06-26 22:38:50,488 [INFO] Seeding static perimeter network structural dimensions...
2026-06-26 22:38:50,542 [INFO] Sorting telemetry stream rows into distinct physical fact tables...
2026-06-26 22:38:57,468 [INFO] Fact table processing complete. Total records isolated: 2880
2026-06-26 22:38:57,468 [INFO] Processing weather reality payload and computing real shift vectors...
2026-06-26 22:38:57,468 [INFO] Observed Realities Calculated: Temp: 66.6°F | Humid: 87.5% | Wind: 241.4° (WSW -> Downwind: ENE)
2026-06-26 22:38:57,475 [INFO] Observed shift weather summary successfully committed to local analytical core.
2026-06-26 22:38:57,511 [INFO] Connecting Admin Client to Aiven cluster to clear topic 'intraday_pid_telemetry'...
2026-06-26 22:38:58,781 [INFO] Topic 'intraday_pid_telemetry' successfully dropped from cluster logs.
2026-06-26 22:38:58,781 [INFO] Waiting 5 seconds for cluster stabilization...
2026-06-26 22:39:04,323 [INFO] Topic 'intraday_pid_telemetry' successfully recreated. Topic is now completely clean!
2026-06-26 22:39:04,323 [INFO] ETL ecosystem processing cycle terminated successfully.
2026-06-26 22:39:04,436 [INFO] Starting dashboard generation cycle...
2026-06-26 22:39:04,436 [INFO] Opening unified environmental data warehouse: environmental_data.db
2026-06-26 22:39:04,456 [INFO] Node-N timeline compiled. Datapoints: 360
2026-06-26 22:39:04,458 [INFO] Node-NE timeline compiled. Datapoints: 360
2026-06-26 22:39:04,461 [INFO] Node-E timeline compiled. Datapoints: 360
2026-06-26 22:39:04,463 [INFO] Node-SE timeline compiled. Datapoints: 360
2026-06-26 22:39:04,466 [INFO] Node-S timeline compiled. Datapoints: 360
2026-06-26 22:39:04,468 [INFO] Node-SW timeline compiled. Datapoints: 360
2026-06-26 22:39:04,471 [INFO] Node-W timeline compiled. Datapoints: 360
2026-06-26 22:39:04,473 [INFO] Node-NW timeline compiled. Datapoints: 360
2026-06-26 22:39:04,478 [INFO] Dashboard rewrite finalized. Output target flushed to: index.html
2026-06-29 22:33:34,348 [INFO] --- Launching Afternoon Ingestion Phase for 2026-06-29 ---
2026-06-29 22:33:34,348 [INFO] Extracting raw weather payload data from Open-Meteo API...
2026-06-29 22:33:34,765 [INFO] Loading stage complete! Raw payload file successfully saved to: raw_json/observed_2026-06-29.json
2026-06-29 22:33:34,766 [INFO] Connecting to cloud Neon PostgreSQL database instance to archive JSONB document...
2026-06-29 22:33:35,601 [INFO] Successfully committed complete observed JSONB document payload to cloud storage.
2026-06-29 22:33:35,601 [INFO] Pipeline Execution Success: Raw payload archived to GitHub and flat arrays committed to PostgreSQL database.
2026-06-29 22:33:35,748 [INFO] Connecting to Neon PostgreSQL production node...
2026-06-29 22:33:35,888 [INFO] Extracting raw telemetry records...
2026-06-29 22:33:36,003 [INFO] Successfully extracted 1920 source entries from Postgres.
2026-06-29 22:33:36,003 [INFO] Extracting raw observed weather payload data for 2026-06-29...
2026-06-29 22:33:36,031 [INFO] Opening analytic file store at: environmental_data.db
2026-06-29 22:33:36,042 [INFO] Initializing dimensional framework in DuckDB...
2026-06-29 22:33:36,044 [INFO] Seeding static perimeter network structural dimensions...
2026-06-29 22:33:36,092 [INFO] Sorting telemetry stream rows into distinct physical fact tables...
2026-06-29 22:33:40,526 [INFO] Fact table processing complete. Total records isolated: 1920
2026-06-29 22:33:40,526 [INFO] Processing weather reality payload and computing real shift vectors...
2026-06-29 22:33:40,526 [INFO] Observed Realities Calculated: Temp: 81.8°F | Humid: 59.5% | Wind: 200.8° (SSW -> Downwind: NNE)
2026-06-29 22:33:40,532 [INFO] Observed shift weather summary successfully committed to local analytical core.
2026-06-29 22:33:40,564 [INFO] Connecting Admin Client to Aiven cluster to clear topic 'intraday_pid_telemetry'...
2026-06-29 22:33:41,598 [INFO] Topic 'intraday_pid_telemetry' successfully dropped from cluster logs.
2026-06-29 22:33:41,598 [INFO] Waiting 5 seconds for cluster stabilization...
2026-06-29 22:33:47,149 [INFO] Topic 'intraday_pid_telemetry' successfully recreated. Topic is now completely clean!
2026-06-29 22:33:47,150 [INFO] ETL ecosystem processing cycle terminated successfully.
2026-06-29 22:33:47,259 [INFO] Starting dashboard generation cycle...
2026-06-29 22:33:47,259 [INFO] Opening unified environmental data warehouse: environmental_data.db
2026-06-29 22:33:47,278 [INFO] Node-N timeline compiled. Datapoints: 240
2026-06-29 22:33:47,280 [INFO] Node-NE timeline compiled. Datapoints: 240
2026-06-29 22:33:47,282 [INFO] Node-E timeline compiled. Datapoints: 240
2026-06-29 22:33:47,285 [INFO] Node-SE timeline compiled. Datapoints: 240
2026-06-29 22:33:47,287 [INFO] Node-S timeline compiled. Datapoints: 240
2026-06-29 22:33:47,289 [INFO] Node-SW timeline compiled. Datapoints: 240
2026-06-29 22:33:47,291 [INFO] Node-W timeline compiled. Datapoints: 240
2026-06-29 22:33:47,293 [INFO] Node-NW timeline compiled. Datapoints: 240
2026-06-29 22:33:47,297 [INFO] Dashboard rewrite finalized. Output target flushed to: index.html
2026-06-30 22:44:24,721 [INFO] --- Launching Afternoon Ingestion Phase for 2026-06-30 ---
2026-06-30 22:44:24,722 [INFO] Extracting raw weather payload data from Open-Meteo API...
2026-06-30 22:44:25,369 [INFO] Loading stage complete! Raw payload file successfully saved to: raw_json/observed_2026-06-30.json
2026-06-30 22:44:25,369 [INFO] Connecting to cloud Neon PostgreSQL database instance to archive JSONB document...
2026-06-30 22:44:26,673 [INFO] Successfully committed complete observed JSONB document payload to cloud storage.
2026-06-30 22:44:26,674 [INFO] Pipeline Execution Success: Raw payload archived to GitHub and flat arrays committed to PostgreSQL database.
2026-06-30 22:44:26,820 [INFO] Connecting to Neon PostgreSQL production node...
2026-06-30 22:44:27,158 [INFO] Extracting raw telemetry records...
2026-06-30 22:44:27,493 [INFO] Successfully extracted 2880 source entries from Postgres.
2026-06-30 22:44:27,493 [INFO] Extracting raw observed weather payload data for 2026-06-30...
2026-06-30 22:44:27,553 [INFO] Opening analytic file store at: environmental_data.db
2026-06-30 22:44:27,564 [INFO] Initializing dimensional framework in DuckDB...
2026-06-30 22:44:27,565 [INFO] Seeding static perimeter network structural dimensions...
2026-06-30 22:44:27,614 [INFO] Sorting telemetry stream rows into distinct physical fact tables...
2026-06-30 22:44:34,751 [INFO] Fact table processing complete. Total records isolated: 2880
2026-06-30 22:44:34,751 [INFO] Processing weather reality payload and computing real shift vectors...
2026-06-30 22:44:34,751 [INFO] Observed Realities Calculated: Temp: 84.9°F | Humid: 71.4% | Wind: 209.4° (SSW -> Downwind: NNE)
2026-06-30 22:44:34,757 [INFO] Observed shift weather summary successfully committed to local analytical core.
2026-06-30 22:44:34,791 [INFO] Connecting Admin Client to Aiven cluster to clear topic 'intraday_pid_telemetry'...
2026-06-30 22:44:36,046 [INFO] Topic 'intraday_pid_telemetry' successfully dropped from cluster logs.
2026-06-30 22:44:36,046 [INFO] Waiting 5 seconds for cluster stabilization...
2026-06-30 22:44:41,808 [INFO] Topic 'intraday_pid_telemetry' successfully recreated. Topic is now completely clean!
2026-06-30 22:44:41,809 [INFO] ETL ecosystem processing cycle terminated successfully.
2026-06-30 22:44:41,922 [INFO] Starting dashboard generation cycle...
2026-06-30 22:44:41,922 [INFO] Opening unified environmental data warehouse: environmental_data.db
2026-06-30 22:44:41,942 [INFO] Node-N timeline compiled. Datapoints: 360
2026-06-30 22:44:41,944 [INFO] Node-NE timeline compiled. Datapoints: 360
2026-06-30 22:44:41,946 [INFO] Node-E timeline compiled. Datapoints: 360
2026-06-30 22:44:41,949 [INFO] Node-SE timeline compiled. Datapoints: 360
2026-06-30 22:44:41,951 [INFO] Node-S timeline compiled. Datapoints: 360
2026-06-30 22:44:41,954 [INFO] Node-SW timeline compiled. Datapoints: 360
2026-06-30 22:44:41,956 [INFO] Node-W timeline compiled. Datapoints: 360
2026-06-30 22:44:41,958 [INFO] Node-NW timeline compiled. Datapoints: 360
2026-06-30 22:44:41,963 [INFO] Dashboard rewrite finalized. Output target flushed to: index.html
2026-07-02 22:31:01,918 [INFO] --- Launching Afternoon Ingestion Phase for 2026-07-02 ---
2026-07-02 22:31:01,918 [INFO] Extracting raw weather payload data from Open-Meteo API...
2026-07-02 22:31:02,414 [INFO] Loading stage complete! Raw payload file successfully saved to: raw_json/observed_2026-07-02.json
2026-07-02 22:31:02,414 [INFO] Connecting to cloud Neon PostgreSQL database instance to archive JSONB document...
2026-07-02 22:31:03,640 [INFO] Successfully committed complete observed JSONB document payload to cloud storage.
2026-07-02 22:31:03,640 [INFO] Pipeline Execution Success: Raw payload archived to GitHub and flat arrays committed to PostgreSQL database.
2026-07-02 22:31:03,796 [INFO] Connecting to Neon PostgreSQL production node...
2026-07-02 22:31:03,894 [INFO] Extracting raw telemetry records...
2026-07-02 22:31:04,002 [INFO] Successfully extracted 5760 source entries from Postgres.
2026-07-02 22:31:04,003 [INFO] Extracting raw observed weather payload data for 2026-07-02...
2026-07-02 22:31:04,023 [INFO] Opening analytic file store at: environmental_data.db
2026-07-02 22:31:04,034 [INFO] Initializing dimensional framework in DuckDB...
2026-07-02 22:31:04,036 [INFO] Seeding static perimeter network structural dimensions...
2026-07-02 22:31:04,084 [INFO] Sorting telemetry stream rows into distinct physical fact tables...
2026-07-02 22:31:16,744 [INFO] Fact table processing complete. Total records isolated: 5760
2026-07-02 22:31:16,744 [INFO] Processing weather reality payload and computing real shift vectors...
2026-07-02 22:31:16,744 [INFO] Observed Realities Calculated: Temp: 80.0°F | Humid: 83.7% | Wind: 228.0° (SW -> Downwind: NE)
2026-07-02 22:31:16,750 [INFO] Observed shift weather summary successfully committed to local analytical core.
2026-07-02 22:31:16,785 [INFO] Connecting Admin Client to Aiven cluster to clear topic 'intraday_pid_telemetry'...
2026-07-02 22:31:17,816 [INFO] Topic 'intraday_pid_telemetry' successfully dropped from cluster logs.
2026-07-02 22:31:17,816 [INFO] Waiting 5 seconds for cluster stabilization...
2026-07-02 22:31:23,190 [INFO] Topic 'intraday_pid_telemetry' successfully recreated. Topic is now completely clean!
2026-07-02 22:31:23,190 [INFO] ETL ecosystem processing cycle terminated successfully.
2026-07-02 22:31:23,310 [INFO] Starting dashboard generation cycle...
2026-07-02 22:31:23,310 [INFO] Opening unified environmental data warehouse: environmental_data.db
2026-07-02 22:31:23,330 [INFO] Node-N timeline compiled. Datapoints: 720
2026-07-02 22:31:23,333 [INFO] Node-NE timeline compiled. Datapoints: 720
2026-07-02 22:31:23,336 [INFO] Node-E timeline compiled. Datapoints: 720
2026-07-02 22:31:23,338 [INFO] Node-SE timeline compiled. Datapoints: 720
2026-07-02 22:31:23,341 [INFO] Node-S timeline compiled. Datapoints: 720
2026-07-02 22:31:23,344 [INFO] Node-SW timeline compiled. Datapoints: 720
2026-07-02 22:31:23,347 [INFO] Node-W timeline compiled. Datapoints: 720
2026-07-02 22:31:23,349 [INFO] Node-NW timeline compiled. Datapoints: 720
2026-07-02 22:31:23,356 [INFO] Dashboard rewrite finalized. Output target flushed to: index.html
2026-07-03 22:28:37,902 [INFO] --- Launching Afternoon Ingestion Phase for 2026-07-03 ---
2026-07-03 22:28:37,902 [INFO] Extracting raw weather payload data from Open-Meteo API...
2026-07-03 22:28:38,706 [INFO] Loading stage complete! Raw payload file successfully saved to: raw_json/observed_2026-07-03.json
2026-07-03 22:28:38,706 [INFO] Connecting to cloud Neon PostgreSQL database instance to archive JSONB document...
2026-07-03 22:28:40,457 [INFO] Successfully committed complete observed JSONB document payload to cloud storage.
2026-07-03 22:28:40,457 [INFO] Pipeline Execution Success: Raw payload archived to GitHub and flat arrays committed to PostgreSQL database.
2026-07-03 22:28:40,600 [INFO] Connecting to Neon PostgreSQL production node...
2026-07-03 22:28:40,942 [INFO] Extracting raw telemetry records...
2026-07-03 22:28:41,277 [INFO] Successfully extracted 2880 source entries from Postgres.
2026-07-03 22:28:41,277 [INFO] Extracting raw observed weather payload data for 2026-07-03...
2026-07-03 22:28:41,339 [INFO] Opening analytic file store at: environmental_data.db
2026-07-03 22:28:41,352 [INFO] Initializing dimensional framework in DuckDB...
2026-07-03 22:28:41,353 [INFO] Seeding static perimeter network structural dimensions...
2026-07-03 22:28:41,403 [INFO] Sorting telemetry stream rows into distinct physical fact tables...
2026-07-03 22:28:47,472 [INFO] Fact table processing complete. Total records isolated: 2880
2026-07-03 22:28:47,472 [INFO] Processing weather reality payload and computing real shift vectors...
2026-07-03 22:28:47,472 [INFO] Observed Realities Calculated: Temp: 80.7°F | Humid: 83.3% | Wind: 218.9° (SW -> Downwind: NE)
2026-07-03 22:28:47,478 [INFO] Observed shift weather summary successfully committed to local analytical core.
2026-07-03 22:28:47,509 [INFO] Connecting Admin Client to Aiven cluster to clear topic 'intraday_pid_telemetry'...
2026-07-03 22:28:48,926 [INFO] Topic 'intraday_pid_telemetry' successfully dropped from cluster logs.
2026-07-03 22:28:48,926 [INFO] Waiting 5 seconds for cluster stabilization...
2026-07-03 22:28:54,231 [INFO] Topic 'intraday_pid_telemetry' successfully recreated. Topic is now completely clean!
2026-07-03 22:28:54,232 [INFO] ETL ecosystem processing cycle terminated successfully.
2026-07-03 22:28:54,337 [INFO] Starting dashboard generation cycle...
2026-07-03 22:28:54,337 [INFO] Opening unified environmental data warehouse: environmental_data.db
2026-07-03 22:28:54,358 [INFO] Node-N timeline compiled. Datapoints: 360
2026-07-03 22:28:54,360 [INFO] Node-NE timeline compiled. Datapoints: 360
2026-07-03 22:28:54,363 [INFO] Node-E timeline compiled. Datapoints: 360
2026-07-03 22:28:54,365 [INFO] Node-SE timeline compiled. Datapoints: 360
2026-07-03 22:28:54,368 [INFO] Node-S timeline compiled. Datapoints: 360
2026-07-03 22:28:54,370 [INFO] Node-SW timeline compiled. Datapoints: 360
2026-07-03 22:28:54,373 [INFO] Node-W timeline compiled. Datapoints: 360
2026-07-03 22:28:54,375 [INFO] Node-NW timeline compiled. Datapoints: 360
2026-07-03 22:28:54,379 [INFO] Dashboard rewrite finalized. Output target flushed to: index.html
2026-07-06 22:41:19,901 [INFO] --- Launching Afternoon Ingestion Phase for 2026-07-06 ---
2026-07-06 22:41:19,901 [INFO] Extracting raw weather payload data from Open-Meteo API...
2026-07-06 22:41:20,390 [INFO] Loading stage complete! Raw payload file successfully saved to: raw_json/observed_2026-07-06.json
2026-07-06 22:41:20,390 [INFO] Connecting to cloud Neon PostgreSQL database instance to archive JSONB document...
2026-07-06 22:41:21,289 [INFO] Successfully committed complete observed JSONB document payload to cloud storage.
2026-07-06 22:41:21,289 [INFO] Pipeline Execution Success: Raw payload archived to GitHub and flat arrays committed to PostgreSQL database.
2026-07-06 22:41:21,432 [INFO] Connecting to Neon PostgreSQL production node...
2026-07-06 22:41:21,570 [INFO] Extracting raw telemetry records...
2026-07-06 22:41:21,705 [INFO] Successfully extracted 2880 source entries from Postgres.
2026-07-06 22:41:21,706 [INFO] Extracting raw observed weather payload data for 2026-07-06...
2026-07-06 22:41:21,734 [INFO] Opening analytic file store at: environmental_data.db
2026-07-06 22:41:21,746 [INFO] Initializing dimensional framework in DuckDB...
2026-07-06 22:41:21,747 [INFO] Seeding static perimeter network structural dimensions...
2026-07-06 22:41:21,795 [INFO] Sorting telemetry stream rows into distinct physical fact tables...
2026-07-06 22:41:28,490 [INFO] Fact table processing complete. Total records isolated: 2880
2026-07-06 22:41:28,490 [INFO] Processing weather reality payload and computing real shift vectors...
2026-07-06 22:41:28,490 [INFO] Observed Realities Calculated: Temp: 73.0°F | Humid: 79.5% | Wind: 48.9° (NE -> Downwind: SW)
2026-07-06 22:41:28,496 [INFO] Observed shift weather summary successfully committed to local analytical core.
2026-07-06 22:41:28,531 [INFO] Connecting Admin Client to Aiven cluster to clear topic 'intraday_pid_telemetry'...
2026-07-06 22:41:29,430 [INFO] Topic 'intraday_pid_telemetry' successfully dropped from cluster logs.
2026-07-06 22:41:29,430 [INFO] Waiting 5 seconds for cluster stabilization...
2026-07-06 22:41:34,735 [INFO] Topic 'intraday_pid_telemetry' successfully recreated. Topic is now completely clean!
2026-07-06 22:41:34,736 [INFO] ETL ecosystem processing cycle terminated successfully.
2026-07-06 22:41:34,848 [INFO] Starting dashboard generation cycle...
2026-07-06 22:41:34,849 [INFO] Opening unified environmental data warehouse: environmental_data.db
2026-07-06 22:41:34,868 [INFO] Node-N timeline compiled. Datapoints: 360
2026-07-06 22:41:34,870 [INFO] Node-NE timeline compiled. Datapoints: 360
2026-07-06 22:41:34,873 [INFO] Node-E timeline compiled. Datapoints: 360
2026-07-06 22:41:34,875 [INFO] Node-SE timeline compiled. Datapoints: 360
2026-07-06 22:41:34,877 [INFO] Node-S timeline compiled. Datapoints: 360
2026-07-06 22:41:34,879 [INFO] Node-SW timeline compiled. Datapoints: 360
2026-07-06 22:41:34,881 [INFO] Node-W timeline compiled. Datapoints: 360
2026-07-06 22:41:34,884 [INFO] Node-NW timeline compiled. Datapoints: 360
2026-07-06 22:41:34,888 [INFO] Dashboard rewrite finalized. Output target flushed to: index.html
2026-07-07 22:33:29,787 [INFO] --- Launching Afternoon Ingestion Phase for 2026-07-07 ---
2026-07-07 22:33:29,787 [INFO] Extracting raw weather payload data from Open-Meteo API...
2026-07-07 22:33:30,425 [INFO] Loading stage complete! Raw payload file successfully saved to: raw_json/observed_2026-07-07.json
2026-07-07 22:33:30,425 [INFO] Connecting to cloud Neon PostgreSQL database instance to archive JSONB document...
2026-07-07 22:33:31,812 [INFO] Successfully committed complete observed JSONB document payload to cloud storage.
2026-07-07 22:33:31,813 [INFO] Pipeline Execution Success: Raw payload archived to GitHub and flat arrays committed to PostgreSQL database.
2026-07-07 22:33:31,973 [INFO] Connecting to Neon PostgreSQL production node...
2026-07-07 22:33:32,352 [INFO] Extracting raw telemetry records...
2026-07-07 22:33:32,774 [INFO] Successfully extracted 2880 source entries from Postgres.
2026-07-07 22:33:32,774 [INFO] Extracting raw observed weather payload data for 2026-07-07...
2026-07-07 22:33:32,843 [INFO] Opening analytic file store at: environmental_data.db
2026-07-07 22:33:32,859 [INFO] Initializing dimensional framework in DuckDB...
2026-07-07 22:33:32,860 [INFO] Seeding static perimeter network structural dimensions...
2026-07-07 22:33:32,911 [INFO] Sorting telemetry stream rows into distinct physical fact tables...
2026-07-07 22:33:41,102 [INFO] Fact table processing complete. Total records isolated: 2880
2026-07-07 22:33:41,102 [INFO] Processing weather reality payload and computing real shift vectors...
2026-07-07 22:33:41,102 [INFO] Observed Realities Calculated: Temp: 77.7°F | Humid: 75.0% | Wind: 54.9° (NE -> Downwind: SW)
2026-07-07 22:33:41,108 [INFO] Observed shift weather summary successfully committed to local analytical core.
2026-07-07 22:33:41,145 [INFO] Connecting Admin Client to Aiven cluster to clear topic 'intraday_pid_telemetry'...
2026-07-07 22:33:43,509 [INFO] Topic 'intraday_pid_telemetry' successfully dropped from cluster logs.
2026-07-07 22:33:43,510 [INFO] Waiting 5 seconds for cluster stabilization...
2026-07-07 22:33:48,740 [INFO] Topic 'intraday_pid_telemetry' successfully recreated. Topic is now completely clean!
2026-07-07 22:33:48,741 [INFO] ETL ecosystem processing cycle terminated successfully.
2026-07-07 22:33:48,861 [INFO] Starting dashboard generation cycle...
2026-07-07 22:33:48,861 [INFO] Opening unified environmental data warehouse: environmental_data.db
2026-07-07 22:33:48,882 [INFO] Node-N timeline compiled. Datapoints: 360
2026-07-07 22:33:48,884 [INFO] Node-NE timeline compiled. Datapoints: 360
2026-07-07 22:33:48,887 [INFO] Node-E timeline compiled. Datapoints: 360
2026-07-07 22:33:48,889 [INFO] Node-SE timeline compiled. Datapoints: 360
2026-07-07 22:33:48,891 [INFO] Node-S timeline compiled. Datapoints: 360
2026-07-07 22:33:48,894 [INFO] Node-SW timeline compiled. Datapoints: 360
2026-07-07 22:33:48,896 [INFO] Node-W timeline compiled. Datapoints: 360
2026-07-07 22:33:48,899 [INFO] Node-NW timeline compiled. Datapoints: 360
2026-07-07 22:33:48,904 [INFO] Dashboard rewrite finalized. Output target flushed to: index.html
2026-07-08 22:26:59,369 [INFO] --- Launching Afternoon Ingestion Phase for 2026-07-08 ---
2026-07-08 22:26:59,369 [INFO] Extracting raw weather payload data from Open-Meteo API...
2026-07-08 22:26:59,788 [INFO] Loading stage complete! Raw payload file successfully saved to: raw_json/observed_2026-07-08.json
2026-07-08 22:26:59,788 [INFO] Connecting to cloud Neon PostgreSQL database instance to archive JSONB document...
2026-07-08 22:27:00,664 [INFO] Successfully committed complete observed JSONB document payload to cloud storage.
2026-07-08 22:27:00,664 [INFO] Pipeline Execution Success: Raw payload archived to GitHub and flat arrays committed to PostgreSQL database.
2026-07-08 22:27:00,815 [INFO] Connecting to Neon PostgreSQL production node...
2026-07-08 22:27:00,913 [INFO] Extracting raw telemetry records...
2026-07-08 22:27:01,009 [INFO] Successfully extracted 2880 source entries from Postgres.
2026-07-08 22:27:01,009 [INFO] Extracting raw observed weather payload data for 2026-07-08...
2026-07-08 22:27:01,031 [INFO] Opening analytic file store at: environmental_data.db
2026-07-08 22:27:01,043 [INFO] Initializing dimensional framework in DuckDB...
2026-07-08 22:27:01,045 [INFO] Seeding static perimeter network structural dimensions...
2026-07-08 22:27:01,107 [INFO] Sorting telemetry stream rows into distinct physical fact tables...
2026-07-08 22:27:08,622 [INFO] Fact table processing complete. Total records isolated: 2880
2026-07-08 22:27:08,622 [INFO] Processing weather reality payload and computing real shift vectors...
2026-07-08 22:27:08,622 [INFO] Observed Realities Calculated: Temp: 78.7°F | Humid: 76.5% | Wind: 202.7° (SSW -> Downwind: NNE)
2026-07-08 22:27:08,628 [INFO] Observed shift weather summary successfully committed to local analytical core.
2026-07-08 22:27:08,665 [INFO] Connecting Admin Client to Aiven cluster to clear topic 'intraday_pid_telemetry'...
2026-07-08 22:27:10,484 [INFO] Topic 'intraday_pid_telemetry' successfully dropped from cluster logs.
2026-07-08 22:27:10,485 [INFO] Waiting 5 seconds for cluster stabilization...
2026-07-08 22:27:16,259 [INFO] Topic 'intraday_pid_telemetry' successfully recreated. Topic is now completely clean!
2026-07-08 22:27:16,260 [INFO] ETL ecosystem processing cycle terminated successfully.
2026-07-08 22:27:16,372 [INFO] Starting dashboard generation cycle...
2026-07-08 22:27:16,372 [INFO] Opening unified environmental data warehouse: environmental_data.db
2026-07-08 22:27:16,391 [INFO] Node-N timeline compiled. Datapoints: 360
2026-07-08 22:27:16,393 [INFO] Node-NE timeline compiled. Datapoints: 360
2026-07-08 22:27:16,396 [INFO] Node-E timeline compiled. Datapoints: 360
2026-07-08 22:27:16,398 [INFO] Node-SE timeline compiled. Datapoints: 360
2026-07-08 22:27:16,400 [INFO] Node-S timeline compiled. Datapoints: 360
2026-07-08 22:27:16,403 [INFO] Node-SW timeline compiled. Datapoints: 360
2026-07-08 22:27:16,405 [INFO] Node-W timeline compiled. Datapoints: 360
2026-07-08 22:27:16,407 [INFO] Node-NW timeline compiled. Datapoints: 360
2026-07-08 22:27:16,411 [INFO] Dashboard rewrite finalized. Output target flushed to: index.html
2026-07-09 22:45:10,333 [INFO] --- Launching Afternoon Ingestion Phase for 2026-07-09 ---
2026-07-09 22:45:10,333 [INFO] Extracting raw weather payload data from Open-Meteo API...
2026-07-09 22:45:10,832 [INFO] Loading stage complete! Raw payload file successfully saved to: raw_json/observed_2026-07-09.json
2026-07-09 22:45:10,832 [INFO] Connecting to cloud Neon PostgreSQL database instance to archive JSONB document...
2026-07-09 22:45:11,606 [INFO] Successfully committed complete observed JSONB document payload to cloud storage.
2026-07-09 22:45:11,606 [INFO] Pipeline Execution Success: Raw payload archived to GitHub and flat arrays committed to PostgreSQL database.
2026-07-09 22:45:11,775 [INFO] Connecting to Neon PostgreSQL production node...
2026-07-09 22:45:11,870 [INFO] Extracting raw telemetry records...
2026-07-09 22:45:11,964 [INFO] Successfully extracted 2880 source entries from Postgres.
2026-07-09 22:45:11,964 [INFO] Extracting raw observed weather payload data for 2026-07-09...
2026-07-09 22:45:11,985 [INFO] Opening analytic file store at: environmental_data.db
2026-07-09 22:45:11,997 [INFO] Initializing dimensional framework in DuckDB...
2026-07-09 22:45:11,998 [INFO] Seeding static perimeter network structural dimensions...
2026-07-09 22:45:12,047 [INFO] Sorting telemetry stream rows into distinct physical fact tables...
2026-07-09 22:45:18,766 [INFO] Fact table processing complete. Total records isolated: 2880
2026-07-09 22:45:18,766 [INFO] Processing weather reality payload and computing real shift vectors...
2026-07-09 22:45:18,767 [INFO] Observed Realities Calculated: Temp: 80.6°F | Humid: 68.4% | Wind: 216.9° (SW -> Downwind: NE)
2026-07-09 22:45:18,772 [INFO] Observed shift weather summary successfully committed to local analytical core.
2026-07-09 22:45:18,809 [INFO] Connecting Admin Client to Aiven cluster to clear topic 'intraday_pid_telemetry'...
2026-07-09 22:45:19,594 [INFO] Topic 'intraday_pid_telemetry' successfully dropped from cluster logs.
2026-07-09 22:45:19,594 [INFO] Waiting 5 seconds for cluster stabilization...
2026-07-09 22:45:25,055 [INFO] Topic 'intraday_pid_telemetry' successfully recreated. Topic is now completely clean!
2026-07-09 22:45:25,056 [INFO] ETL ecosystem processing cycle terminated successfully.
2026-07-09 22:45:25,168 [INFO] Starting dashboard generation cycle...
2026-07-09 22:45:25,168 [INFO] Opening unified environmental data warehouse: environmental_data.db
2026-07-09 22:45:25,186 [INFO] Node-N timeline compiled. Datapoints: 360
2026-07-09 22:45:25,189 [INFO] Node-NE timeline compiled. Datapoints: 360
2026-07-09 22:45:25,191 [INFO] Node-E timeline compiled. Datapoints: 360
2026-07-09 22:45:25,193 [INFO] Node-SE timeline compiled. Datapoints: 360
2026-07-09 22:45:25,196 [INFO] Node-S timeline compiled. Datapoints: 360
2026-07-09 22:45:25,198 [INFO] Node-SW timeline compiled. Datapoints: 360
2026-07-09 22:45:25,200 [INFO] Node-W timeline compiled. Datapoints: 360
2026-07-09 22:45:25,203 [INFO] Node-NW timeline compiled. Datapoints: 360
2026-07-09 22:45:25,207 [INFO] Dashboard rewrite finalized. Output target flushed to: index.html
2026-07-10 22:28:09,557 [INFO] --- Launching Afternoon Ingestion Phase for 2026-07-10 ---
2026-07-10 22:28:09,557 [INFO] Extracting raw weather payload data from Open-Meteo API...
2026-07-10 22:28:10,147 [INFO] Loading stage complete! Raw payload file successfully saved to: raw_json/observed_2026-07-10.json
2026-07-10 22:28:10,147 [INFO] Connecting to cloud Neon PostgreSQL database instance to archive JSONB document...
2026-07-10 22:28:11,307 [INFO] Successfully committed complete observed JSONB document payload to cloud storage.
2026-07-10 22:28:11,307 [INFO] Pipeline Execution Success: Raw payload archived to GitHub and flat arrays committed to PostgreSQL database.
2026-07-10 22:28:11,459 [INFO] Connecting to Neon PostgreSQL production node...
2026-07-10 22:28:11,730 [INFO] Extracting raw telemetry records...
2026-07-10 22:28:12,006 [INFO] Successfully extracted 2880 source entries from Postgres.
2026-07-10 22:28:12,006 [INFO] Extracting raw observed weather payload data for 2026-07-10...
2026-07-10 22:28:12,058 [INFO] Opening analytic file store at: environmental_data.db
2026-07-10 22:28:12,069 [INFO] Initializing dimensional framework in DuckDB...
2026-07-10 22:28:12,070 [INFO] Seeding static perimeter network structural dimensions...
2026-07-10 22:28:12,122 [INFO] Sorting telemetry stream rows into distinct physical fact tables...
2026-07-10 22:28:19,009 [INFO] Fact table processing complete. Total records isolated: 2880
2026-07-10 22:28:19,009 [INFO] Processing weather reality payload and computing real shift vectors...
2026-07-10 22:28:19,010 [INFO] Observed Realities Calculated: Temp: 76.4°F | Humid: 79.1% | Wind: 13.4° (NNE -> Downwind: SSW)
2026-07-10 22:28:19,016 [INFO] Observed shift weather summary successfully committed to local analytical core.
2026-07-10 22:28:19,053 [INFO] Connecting Admin Client to Aiven cluster to clear topic 'intraday_pid_telemetry'...
2026-07-10 22:28:19,927 [INFO] Topic 'intraday_pid_telemetry' successfully dropped from cluster logs.
2026-07-10 22:28:19,927 [INFO] Waiting 5 seconds for cluster stabilization...
2026-07-10 22:28:25,180 [INFO] Topic 'intraday_pid_telemetry' successfully recreated. Topic is now completely clean!
2026-07-10 22:28:25,180 [INFO] ETL ecosystem processing cycle terminated successfully.
2026-07-10 22:28:25,293 [INFO] Starting dashboard generation cycle...
2026-07-10 22:28:25,293 [INFO] Opening unified environmental data warehouse: environmental_data.db
2026-07-10 22:28:25,312 [INFO] Node-N timeline compiled. Datapoints: 360
2026-07-10 22:28:25,315 [INFO] Node-NE timeline compiled. Datapoints: 360
2026-07-10 22:28:25,317 [INFO] Node-E timeline compiled. Datapoints: 360
2026-07-10 22:28:25,320 [INFO] Node-SE timeline compiled. Datapoints: 360
2026-07-10 22:28:25,322 [INFO] Node-S timeline compiled. Datapoints: 360
2026-07-10 22:28:25,324 [INFO] Node-SW timeline compiled. Datapoints: 360
2026-07-10 22:28:25,327 [INFO] Node-W timeline compiled. Datapoints: 360
2026-07-10 22:28:25,329 [INFO] Node-NW timeline compiled. Datapoints: 360
2026-07-10 22:28:25,333 [INFO] Dashboard rewrite finalized. Output target flushed to: index.html
2026-07-13 22:13:53,192 [INFO] --- Launching Afternoon Ingestion Phase for 2026-07-13 ---
2026-07-13 22:13:53,192 [INFO] Extracting raw weather payload data from Open-Meteo API...
2026-07-13 22:13:53,823 [INFO] Loading stage complete! Raw payload file successfully saved to: raw_json/observed_2026-07-13.json
2026-07-13 22:13:53,824 [INFO] Connecting to cloud Neon PostgreSQL database instance to archive JSONB document...
2026-07-13 22:13:56,129 [INFO] Successfully committed complete observed JSONB document payload to cloud storage.
2026-07-13 22:13:56,129 [INFO] Pipeline Execution Success: Raw payload archived to GitHub and flat arrays committed to PostgreSQL database.
2026-07-13 22:13:56,297 [INFO] Connecting to Neon PostgreSQL production node...
2026-07-13 22:13:56,738 [INFO] Extracting raw telemetry records...
2026-07-13 22:13:57,175 [INFO] Successfully extracted 2880 source entries from Postgres.
2026-07-13 22:13:57,175 [INFO] Extracting raw observed weather payload data for 2026-07-13...
2026-07-13 22:13:57,253 [INFO] Opening analytic file store at: environmental_data.db
2026-07-13 22:13:57,265 [INFO] Initializing dimensional framework in DuckDB...
2026-07-13 22:13:57,267 [INFO] Seeding static perimeter network structural dimensions...
2026-07-13 22:13:57,317 [INFO] Sorting telemetry stream rows into distinct physical fact tables...
2026-07-13 22:14:04,566 [INFO] Fact table processing complete. Total records isolated: 2880
2026-07-13 22:14:04,566 [INFO] Processing weather reality payload and computing real shift vectors...
2026-07-13 22:14:04,566 [INFO] Observed Realities Calculated: Temp: 79.3°F | Humid: 56.0% | Wind: 219.6° (SW -> Downwind: NE)
2026-07-13 22:14:04,572 [INFO] Observed shift weather summary successfully committed to local analytical core.
2026-07-13 22:14:04,609 [INFO] Connecting Admin Client to Aiven cluster to clear topic 'intraday_pid_telemetry'...
2026-07-13 22:14:05,939 [INFO] Topic 'intraday_pid_telemetry' successfully dropped from cluster logs.
2026-07-13 22:14:05,939 [INFO] Waiting 5 seconds for cluster stabilization...
2026-07-13 22:14:11,554 [INFO] Topic 'intraday_pid_telemetry' successfully recreated. Topic is now completely clean!
2026-07-13 22:14:11,555 [INFO] ETL ecosystem processing cycle terminated successfully.
2026-07-13 22:14:11,669 [INFO] Starting dashboard generation cycle...
2026-07-13 22:14:11,669 [INFO] Opening unified environmental data warehouse: environmental_data.db
2026-07-13 22:14:11,689 [INFO] Node-N timeline compiled. Datapoints: 360
2026-07-13 22:14:11,691 [INFO] Node-NE timeline compiled. Datapoints: 360
2026-07-13 22:14:11,694 [INFO] Node-E timeline compiled. Datapoints: 360
2026-07-13 22:14:11,696 [INFO] Node-SE timeline compiled. Datapoints: 360
2026-07-13 22:14:11,699 [INFO] Node-S timeline compiled. Datapoints: 360
2026-07-13 22:14:11,701 [INFO] Node-SW timeline compiled. Datapoints: 360
2026-07-13 22:14:11,704 [INFO] Node-W timeline compiled. Datapoints: 360
2026-07-13 22:14:11,707 [INFO] Node-NW timeline compiled. Datapoints: 360
2026-07-13 22:14:11,711 [INFO] Dashboard rewrite finalized. Output target flushed to: index.html
2026-07-14 22:17:07,890 [INFO] --- Launching Afternoon Ingestion Phase for 2026-07-14 ---
2026-07-14 22:17:07,890 [INFO] Extracting raw weather payload data from Open-Meteo API...
2026-07-14 22:17:08,552 [INFO] Loading stage complete! Raw payload file successfully saved to: raw_json/observed_2026-07-14.json
2026-07-14 22:17:08,552 [INFO] Connecting to cloud Neon PostgreSQL database instance to archive JSONB document...
2026-07-14 22:17:10,156 [INFO] Successfully committed complete observed JSONB document payload to cloud storage.
2026-07-14 22:17:10,156 [INFO] Pipeline Execution Success: Raw payload archived to GitHub and flat arrays committed to PostgreSQL database.
2026-07-14 22:17:10,306 [INFO] Connecting to Neon PostgreSQL production node...
2026-07-14 22:17:10,753 [INFO] Extracting raw telemetry records...
2026-07-14 22:17:11,275 [INFO] Successfully extracted 4800 source entries from Postgres.
2026-07-14 22:17:11,275 [INFO] Extracting raw observed weather payload data for 2026-07-14...
2026-07-14 22:17:11,356 [INFO] Opening analytic file store at: environmental_data.db
2026-07-14 22:17:11,367 [INFO] Initializing dimensional framework in DuckDB...
2026-07-14 22:17:11,368 [INFO] Seeding static perimeter network structural dimensions...
2026-07-14 22:17:11,419 [INFO] Sorting telemetry stream rows into distinct physical fact tables...
2026-07-14 22:17:22,567 [INFO] Fact table processing complete. Total records isolated: 4800
2026-07-14 22:17:22,567 [INFO] Processing weather reality payload and computing real shift vectors...
2026-07-14 22:17:22,567 [INFO] Observed Realities Calculated: Temp: 80.0°F | Humid: 63.9% | Wind: 217.3° (SW -> Downwind: NE)
2026-07-14 22:17:22,572 [INFO] Observed shift weather summary successfully committed to local analytical core.
2026-07-14 22:17:22,609 [INFO] Connecting Admin Client to Aiven cluster to clear topic 'intraday_pid_telemetry'...
2026-07-14 22:17:24,162 [INFO] Topic 'intraday_pid_telemetry' successfully dropped from cluster logs.
2026-07-14 22:17:24,162 [INFO] Waiting 5 seconds for cluster stabilization...
2026-07-14 22:17:29,939 [INFO] Topic 'intraday_pid_telemetry' successfully recreated. Topic is now completely clean!
2026-07-14 22:17:29,940 [INFO] ETL ecosystem processing cycle terminated successfully.
2026-07-14 22:17:30,052 [INFO] Starting dashboard generation cycle...
2026-07-14 22:17:30,052 [INFO] Opening unified environmental data warehouse: environmental_data.db
2026-07-14 22:17:30,072 [INFO] Node-N timeline compiled. Datapoints: 600
2026-07-14 22:17:30,075 [INFO] Node-NE timeline compiled. Datapoints: 600
2026-07-14 22:17:30,077 [INFO] Node-E timeline compiled. Datapoints: 600
2026-07-14 22:17:30,080 [INFO] Node-SE timeline compiled. Datapoints: 600
2026-07-14 22:17:30,082 [INFO] Node-S timeline compiled. Datapoints: 600
2026-07-14 22:17:30,085 [INFO] Node-SW timeline compiled. Datapoints: 600
2026-07-14 22:17:30,087 [INFO] Node-W timeline compiled. Datapoints: 600
2026-07-14 22:17:30,090 [INFO] Node-NW timeline compiled. Datapoints: 600
2026-07-14 22:17:30,095 [INFO] Dashboard rewrite finalized. Output target flushed to: index.html
2026-07-15 22:16:50,266 [INFO] --- Launching Afternoon Ingestion Phase for 2026-07-15 ---
2026-07-15 22:16:50,266 [INFO] Extracting raw weather payload data from Open-Meteo API...
2026-07-15 22:16:51,042 [INFO] Loading stage complete! Raw payload file successfully saved to: raw_json/observed_2026-07-15.json
2026-07-15 22:16:51,042 [INFO] Connecting to cloud Neon PostgreSQL database instance to archive JSONB document...
2026-07-15 22:16:52,554 [INFO] Successfully committed complete observed JSONB document payload to cloud storage.
2026-07-15 22:16:52,554 [INFO] Pipeline Execution Success: Raw payload archived to GitHub and flat arrays committed to PostgreSQL database.
2026-07-15 22:16:52,726 [INFO] Connecting to Neon PostgreSQL production node...
2026-07-15 22:16:53,171 [INFO] Extracting raw telemetry records...
2026-07-15 22:16:53,680 [INFO] Successfully extracted 4800 source entries from Postgres.
2026-07-15 22:16:53,680 [INFO] Extracting raw observed weather payload data for 2026-07-15...
2026-07-15 22:16:53,758 [INFO] Opening analytic file store at: environmental_data.db
2026-07-15 22:16:53,770 [INFO] Initializing dimensional framework in DuckDB...
2026-07-15 22:16:53,771 [INFO] Seeding static perimeter network structural dimensions...
2026-07-15 22:16:53,825 [INFO] Sorting telemetry stream rows into distinct physical fact tables...
2026-07-15 22:17:06,015 [INFO] Fact table processing complete. Total records isolated: 4800
2026-07-15 22:17:06,015 [INFO] Processing weather reality payload and computing real shift vectors...
2026-07-15 22:17:06,015 [INFO] Observed Realities Calculated: Temp: 80.5°F | Humid: 79.5% | Wind: 250.1° (WSW -> Downwind: ENE)
2026-07-15 22:17:06,021 [INFO] Observed shift weather summary successfully committed to local analytical core.
2026-07-15 22:17:06,062 [INFO] Connecting Admin Client to Aiven cluster to clear topic 'intraday_pid_telemetry'...
2026-07-15 22:17:08,581 [INFO] Topic 'intraday_pid_telemetry' successfully dropped from cluster logs.
2026-07-15 22:17:08,581 [INFO] Waiting 5 seconds for cluster stabilization...
2026-07-15 22:17:14,313 [INFO] Topic 'intraday_pid_telemetry' successfully recreated. Topic is now completely clean!
2026-07-15 22:17:14,313 [INFO] ETL ecosystem processing cycle terminated successfully.
2026-07-15 22:17:14,440 [INFO] Starting dashboard generation cycle...
2026-07-15 22:17:14,441 [INFO] Opening unified environmental data warehouse: environmental_data.db
2026-07-15 22:17:14,462 [INFO] Node-N timeline compiled. Datapoints: 600
2026-07-15 22:17:14,465 [INFO] Node-NE timeline compiled. Datapoints: 600
2026-07-15 22:17:14,467 [INFO] Node-E timeline compiled. Datapoints: 600
2026-07-15 22:17:14,470 [INFO] Node-SE timeline compiled. Datapoints: 600
2026-07-15 22:17:14,473 [INFO] Node-S timeline compiled. Datapoints: 600
2026-07-15 22:17:14,476 [INFO] Node-SW timeline compiled. Datapoints: 600
2026-07-15 22:17:14,479 [INFO] Node-W timeline compiled. Datapoints: 600
2026-07-15 22:17:14,482 [INFO] Node-NW timeline compiled. Datapoints: 600
2026-07-15 22:17:14,488 [INFO] Dashboard rewrite finalized. Output target flushed to: index.html
2026-07-16 22:25:49,120 [INFO] --- Launching Afternoon Ingestion Phase for 2026-07-16 ---
2026-07-16 22:25:49,120 [INFO] Extracting raw weather payload data from Open-Meteo API...
2026-07-16 22:25:49,557 [INFO] Loading stage complete! Raw payload file successfully saved to: raw_json/observed_2026-07-16.json
2026-07-16 22:25:49,557 [INFO] Connecting to cloud Neon PostgreSQL database instance to archive JSONB document...
2026-07-16 22:25:50,823 [INFO] Successfully committed complete observed JSONB document payload to cloud storage.
2026-07-16 22:25:50,823 [INFO] Pipeline Execution Success: Raw payload archived to GitHub and flat arrays committed to PostgreSQL database.
2026-07-16 22:25:50,985 [INFO] Connecting to Neon PostgreSQL production node...
2026-07-16 22:25:51,090 [INFO] Extracting raw telemetry records...
2026-07-16 22:25:51,237 [INFO] Successfully extracted 2880 source entries from Postgres.
2026-07-16 22:25:51,237 [INFO] Extracting raw observed weather payload data for 2026-07-16...
2026-07-16 22:25:51,259 [INFO] Opening analytic file store at: environmental_data.db
2026-07-16 22:25:51,271 [INFO] Initializing dimensional framework in DuckDB...
2026-07-16 22:25:51,273 [INFO] Seeding static perimeter network structural dimensions...
2026-07-16 22:25:51,325 [INFO] Sorting telemetry stream rows into distinct physical fact tables...
2026-07-16 22:25:58,323 [INFO] Fact table processing complete. Total records isolated: 2880
2026-07-16 22:25:58,324 [INFO] Processing weather reality payload and computing real shift vectors...
2026-07-16 22:25:58,324 [INFO] Observed Realities Calculated: Temp: 76.7°F | Humid: 68.0% | Wind: 234.9° (SW -> Downwind: NE)
2026-07-16 22:25:58,330 [INFO] Observed shift weather summary successfully committed to local analytical core.
2026-07-16 22:25:58,373 [INFO] Connecting Admin Client to Aiven cluster to clear topic 'intraday_pid_telemetry'...
2026-07-16 22:25:59,562 [INFO] Topic 'intraday_pid_telemetry' successfully dropped from cluster logs.
2026-07-16 22:25:59,562 [INFO] Waiting 5 seconds for cluster stabilization...
2026-07-16 22:26:04,906 [INFO] Topic 'intraday_pid_telemetry' successfully recreated. Topic is now completely clean!
2026-07-16 22:26:04,907 [INFO] ETL ecosystem processing cycle terminated successfully.
2026-07-16 22:26:05,037 [INFO] Starting dashboard generation cycle...
2026-07-16 22:26:05,038 [INFO] Opening unified environmental data warehouse: environmental_data.db
2026-07-16 22:26:05,058 [INFO] Node-N timeline compiled. Datapoints: 360
2026-07-16 22:26:05,061 [INFO] Node-NE timeline compiled. Datapoints: 360
2026-07-16 22:26:05,063 [INFO] Node-E timeline compiled. Datapoints: 360
2026-07-16 22:26:05,066 [INFO] Node-SE timeline compiled. Datapoints: 360
2026-07-16 22:26:05,068 [INFO] Node-S timeline compiled. Datapoints: 360
2026-07-16 22:26:05,070 [INFO] Node-SW timeline compiled. Datapoints: 360
2026-07-16 22:26:05,073 [INFO] Node-W timeline compiled. Datapoints: 360
2026-07-16 22:26:05,075 [INFO] Node-NW timeline compiled. Datapoints: 360
2026-07-16 22:26:05,083 [INFO] Dashboard rewrite finalized. Output target flushed to: index.html
2026-07-17 22:09:15,011 [INFO] --- Launching Afternoon Ingestion Phase for 2026-07-17 ---
2026-07-17 22:09:15,011 [INFO] Extracting raw weather payload data from Open-Meteo API...
2026-07-17 22:09:15,406 [INFO] Loading stage complete! Raw payload file successfully saved to: raw_json/observed_2026-07-17.json
2026-07-17 22:09:15,406 [INFO] Connecting to cloud Neon PostgreSQL database instance to archive JSONB document...
2026-07-17 22:09:16,313 [INFO] Successfully committed complete observed JSONB document payload to cloud storage.
2026-07-17 22:09:16,314 [INFO] Pipeline Execution Success: Raw payload archived to GitHub and flat arrays committed to PostgreSQL database.
2026-07-17 22:09:16,492 [INFO] Connecting to Neon PostgreSQL production node...
2026-07-17 22:09:16,614 [INFO] Extracting raw telemetry records...
2026-07-17 22:09:16,754 [INFO] Successfully extracted 4800 source entries from Postgres.
2026-07-17 22:09:16,754 [INFO] Extracting raw observed weather payload data for 2026-07-17...
2026-07-17 22:09:16,777 [INFO] Opening analytic file store at: environmental_data.db
2026-07-17 22:09:16,789 [INFO] Initializing dimensional framework in DuckDB...
2026-07-17 22:09:16,790 [INFO] Seeding static perimeter network structural dimensions...
2026-07-17 22:09:16,841 [INFO] Sorting telemetry stream rows into distinct physical fact tables...
2026-07-17 22:09:27,447 [INFO] Fact table processing complete. Total records isolated: 4800
2026-07-17 22:09:27,447 [INFO] Processing weather reality payload and computing real shift vectors...
2026-07-17 22:09:27,447 [INFO] Observed Realities Calculated: Temp: 74.9°F | Humid: 64.6% | Wind: 201.9° (SSW -> Downwind: NNE)
2026-07-17 22:09:27,453 [INFO] Observed shift weather summary successfully committed to local analytical core.
2026-07-17 22:09:27,494 [INFO] Connecting Admin Client to Aiven cluster to clear topic 'intraday_pid_telemetry'...
2026-07-17 22:09:28,346 [INFO] Topic 'intraday_pid_telemetry' successfully dropped from cluster logs.
2026-07-17 22:09:28,346 [INFO] Waiting 5 seconds for cluster stabilization...
2026-07-17 22:09:33,562 [INFO] Topic 'intraday_pid_telemetry' successfully recreated. Topic is now completely clean!
2026-07-17 22:09:33,563 [INFO] ETL ecosystem processing cycle terminated successfully.
2026-07-17 22:09:33,688 [INFO] Starting dashboard generation cycle...
2026-07-17 22:09:33,688 [INFO] Opening unified environmental data warehouse: environmental_data.db
2026-07-17 22:09:33,708 [INFO] Node-N timeline compiled. Datapoints: 600
2026-07-17 22:09:33,710 [INFO] Node-NE timeline compiled. Datapoints: 600
2026-07-17 22:09:33,713 [INFO] Node-E timeline compiled. Datapoints: 600
2026-07-17 22:09:33,716 [INFO] Node-SE timeline compiled. Datapoints: 600
2026-07-17 22:09:33,719 [INFO] Node-S timeline compiled. Datapoints: 600
2026-07-17 22:09:33,721 [INFO] Node-SW timeline compiled. Datapoints: 600
2026-07-17 22:09:33,724 [INFO] Node-W timeline compiled. Datapoints: 600
2026-07-17 22:09:33,726 [INFO] Node-NW timeline compiled. Datapoints: 600
2026-07-17 22:09:33,733 [INFO] Dashboard rewrite finalized. Output target flushed to: index.html
2026-07-20 22:16:16,437 [INFO] --- Launching Afternoon Ingestion Phase for 2026-07-20 ---
2026-07-20 22:16:16,437 [INFO] Extracting raw weather payload data from Open-Meteo API...
2026-07-20 22:16:17,490 [INFO] Loading stage complete! Raw payload file successfully saved to: raw_json/observed_2026-07-20.json
2026-07-20 22:16:17,490 [INFO] Connecting to cloud Neon PostgreSQL database instance to archive JSONB document...
2026-07-20 22:16:20,760 [INFO] Successfully committed complete observed JSONB document payload to cloud storage.
2026-07-20 22:16:20,760 [INFO] Pipeline Execution Success: Raw payload archived to GitHub and flat arrays committed to PostgreSQL database.
2026-07-20 22:16:20,907 [INFO] Connecting to Neon PostgreSQL production node...
2026-07-20 22:16:21,732 [INFO] Extracting raw telemetry records...
2026-07-20 22:16:22,556 [INFO] Successfully extracted 2880 source entries from Postgres.
2026-07-20 22:16:22,556 [INFO] Extracting raw observed weather payload data for 2026-07-20...
2026-07-20 22:16:22,699 [INFO] Opening analytic file store at: environmental_data.db
2026-07-20 22:16:22,710 [INFO] Initializing dimensional framework in DuckDB...
2026-07-20 22:16:22,712 [INFO] Seeding static perimeter network structural dimensions...
2026-07-20 22:16:22,763 [INFO] Sorting telemetry stream rows into distinct physical fact tables...
2026-07-20 22:16:29,294 [INFO] Fact table processing complete. Total records isolated: 2880
2026-07-20 22:16:29,294 [INFO] Processing weather reality payload and computing real shift vectors...
2026-07-20 22:16:29,294 [INFO] Observed Realities Calculated: Temp: 72.4°F | Humid: 58.6% | Wind: 215.2° (SW -> Downwind: NE)
2026-07-20 22:16:29,302 [INFO] Observed shift weather summary successfully committed to local analytical core.
2026-07-20 22:16:29,344 [INFO] Connecting Admin Client to Aiven cluster to clear topic 'intraday_pid_telemetry'...
2026-07-20 22:16:31,727 [INFO] Topic 'intraday_pid_telemetry' successfully dropped from cluster logs.
2026-07-20 22:16:31,727 [INFO] Waiting 5 seconds for cluster stabilization...
2026-07-20 22:16:37,133 [INFO] Topic 'intraday_pid_telemetry' successfully recreated. Topic is now completely clean!
2026-07-20 22:16:37,134 [INFO] ETL ecosystem processing cycle terminated successfully.
2026-07-20 22:16:37,265 [INFO] Starting dashboard generation cycle...
2026-07-20 22:16:37,266 [INFO] Opening unified environmental data warehouse: environmental_data.db
2026-07-20 22:16:37,287 [INFO] Node-N timeline compiled. Datapoints: 360
2026-07-20 22:16:37,290 [INFO] Node-NE timeline compiled. Datapoints: 360
2026-07-20 22:16:37,292 [INFO] Node-E timeline compiled. Datapoints: 360
2026-07-20 22:16:37,295 [INFO] Node-SE timeline compiled. Datapoints: 360
2026-07-20 22:16:37,298 [INFO] Node-S timeline compiled. Datapoints: 360
2026-07-20 22:16:37,300 [INFO] Node-SW timeline compiled. Datapoints: 360
2026-07-20 22:16:37,303 [INFO] Node-W timeline compiled. Datapoints: 360
2026-07-20 22:16:37,306 [INFO] Node-NW timeline compiled. Datapoints: 360
2026-07-20 22:16:37,311 [INFO] Dashboard rewrite finalized. Output target flushed to: index.html
2026-07-21 22:14:00,459 [INFO] --- Launching Afternoon Ingestion Phase for 2026-07-21 ---
2026-07-21 22:14:00,459 [INFO] Extracting raw weather payload data from Open-Meteo API...
2026-07-21 22:14:01,129 [INFO] Loading stage complete! Raw payload file successfully saved to: raw_json/observed_2026-07-21.json
2026-07-21 22:14:01,129 [INFO] Connecting to cloud Neon PostgreSQL database instance to archive JSONB document...
2026-07-21 22:14:02,733 [INFO] Successfully committed complete observed JSONB document payload to cloud storage.
2026-07-21 22:14:02,733 [INFO] Pipeline Execution Success: Raw payload archived to GitHub and flat arrays committed to PostgreSQL database.
2026-07-21 22:14:02,888 [INFO] Connecting to Neon PostgreSQL production node...
2026-07-21 22:14:03,378 [INFO] Extracting raw telemetry records...
2026-07-21 22:14:03,864 [INFO] Successfully extracted 2880 source entries from Postgres.
2026-07-21 22:14:03,864 [INFO] Extracting raw observed weather payload data for 2026-07-21...
2026-07-21 22:14:03,950 [INFO] Opening analytic file store at: environmental_data.db
2026-07-21 22:14:03,962 [INFO] Initializing dimensional framework in DuckDB...
2026-07-21 22:14:03,963 [INFO] Seeding static perimeter network structural dimensions...
2026-07-21 22:14:04,013 [INFO] Sorting telemetry stream rows into distinct physical fact tables...
2026-07-21 22:14:10,677 [INFO] Fact table processing complete. Total records isolated: 2880
2026-07-21 22:14:10,677 [INFO] Processing weather reality payload and computing real shift vectors...
2026-07-21 22:14:10,677 [INFO] Observed Realities Calculated: Temp: 75.2°F | Humid: 72.9% | Wind: 194.3° (SSW -> Downwind: NNE)
2026-07-21 22:14:10,682 [INFO] Observed shift weather summary successfully committed to local analytical core.
2026-07-21 22:14:10,718 [INFO] Connecting Admin Client to Aiven cluster to clear topic 'intraday_pid_telemetry'...
2026-07-21 22:14:12,137 [INFO] Topic 'intraday_pid_telemetry' successfully dropped from cluster logs.
2026-07-21 22:14:12,138 [INFO] Waiting 5 seconds for cluster stabilization...
2026-07-21 22:14:17,555 [INFO] Topic 'intraday_pid_telemetry' successfully recreated. Topic is now completely clean!
2026-07-21 22:14:17,556 [INFO] ETL ecosystem processing cycle terminated successfully.
2026-07-21 22:14:17,679 [INFO] Starting dashboard generation cycle...
2026-07-21 22:14:17,679 [INFO] Opening unified environmental data warehouse: environmental_data.db
2026-07-21 22:14:17,699 [INFO] Node-N timeline compiled. Datapoints: 360
2026-07-21 22:14:17,702 [INFO] Node-NE timeline compiled. Datapoints: 360
2026-07-21 22:14:17,704 [INFO] Node-E timeline compiled. Datapoints: 360
2026-07-21 22:14:17,706 [INFO] Node-SE timeline compiled. Datapoints: 360
2026-07-21 22:14:17,709 [INFO] Node-S timeline compiled. Datapoints: 360
2026-07-21 22:14:17,711 [INFO] Node-SW timeline compiled. Datapoints: 360
2026-07-21 22:14:17,714 [INFO] Node-W timeline compiled. Datapoints: 360
2026-07-21 22:14:17,717 [INFO] Node-NW timeline compiled. Datapoints: 360
2026-07-21 22:14:17,721 [INFO] Dashboard rewrite finalized. Output target flushed to: index.html
2026-07-22 22:28:05,231 [INFO] --- Launching Afternoon Ingestion Phase for 2026-07-22 ---
2026-07-22 22:28:05,231 [INFO] Extracting raw weather payload data from Open-Meteo API...
2026-07-22 22:28:05,788 [INFO] Loading stage complete! Raw payload file successfully saved to: raw_json/observed_2026-07-22.json
2026-07-22 22:28:05,789 [INFO] Connecting to cloud Neon PostgreSQL database instance to archive JSONB document...
2026-07-22 22:28:07,025 [INFO] Successfully committed complete observed JSONB document payload to cloud storage.
2026-07-22 22:28:07,025 [INFO] Pipeline Execution Success: Raw payload archived to GitHub and flat arrays committed to PostgreSQL database.
2026-07-22 22:28:07,181 [INFO] Connecting to Neon PostgreSQL production node...
2026-07-22 22:28:07,254 [INFO] Extracting raw telemetry records...
2026-07-22 22:28:07,331 [INFO] Successfully extracted 2880 source entries from Postgres.
2026-07-22 22:28:07,331 [INFO] Extracting raw observed weather payload data for 2026-07-22...
2026-07-22 22:28:07,348 [INFO] Opening analytic file store at: environmental_data.db
2026-07-22 22:28:07,360 [INFO] Initializing dimensional framework in DuckDB...
2026-07-22 22:28:07,361 [INFO] Seeding static perimeter network structural dimensions...
2026-07-22 22:28:07,411 [INFO] Sorting telemetry stream rows into distinct physical fact tables...
2026-07-22 22:28:13,558 [INFO] Fact table processing complete. Total records isolated: 2880
2026-07-22 22:28:13,558 [INFO] Processing weather reality payload and computing real shift vectors...
2026-07-22 22:28:13,558 [INFO] Observed Realities Calculated: Temp: 65.0°F | Humid: 65.2% | Wind: 263.8° (W -> Downwind: E)
2026-07-22 22:28:13,564 [INFO] Observed shift weather summary successfully committed to local analytical core.
2026-07-22 22:28:13,598 [INFO] Connecting Admin Client to Aiven cluster to clear topic 'intraday_pid_telemetry'...
2026-07-22 22:28:14,984 [INFO] Topic 'intraday_pid_telemetry' successfully dropped from cluster logs.
2026-07-22 22:28:14,984 [INFO] Waiting 5 seconds for cluster stabilization...
2026-07-22 22:28:20,272 [INFO] Topic 'intraday_pid_telemetry' successfully recreated. Topic is now completely clean!
2026-07-22 22:28:20,273 [INFO] ETL ecosystem processing cycle terminated successfully.
2026-07-22 22:28:20,396 [INFO] Starting dashboard generation cycle...
2026-07-22 22:28:20,396 [INFO] Opening unified environmental data warehouse: environmental_data.db
2026-07-22 22:28:20,416 [INFO] Node-N timeline compiled. Datapoints: 360
2026-07-22 22:28:20,419 [INFO] Node-NE timeline compiled. Datapoints: 360
2026-07-22 22:28:20,421 [INFO] Node-E timeline compiled. Datapoints: 360
2026-07-22 22:28:20,423 [INFO] Node-SE timeline compiled. Datapoints: 360
2026-07-22 22:28:20,426 [INFO] Node-S timeline compiled. Datapoints: 360
2026-07-22 22:28:20,428 [INFO] Node-SW timeline compiled. Datapoints: 360
2026-07-22 22:28:20,430 [INFO] Node-W timeline compiled. Datapoints: 360
2026-07-22 22:28:20,433 [INFO] Node-NW timeline compiled. Datapoints: 360
2026-07-22 22:28:20,437 [INFO] Dashboard rewrite finalized. Output target flushed to: index.html
2026-07-23 22:26:59,241 [INFO] --- Launching Afternoon Ingestion Phase for 2026-07-23 ---
2026-07-23 22:26:59,241 [INFO] Extracting raw weather payload data from Open-Meteo API...
2026-07-23 22:26:59,762 [INFO] Loading stage complete! Raw payload file successfully saved to: raw_json/observed_2026-07-23.json
2026-07-23 22:26:59,762 [INFO] Connecting to cloud Neon PostgreSQL database instance to archive JSONB document...
2026-07-23 22:27:00,552 [INFO] Successfully committed complete observed JSONB document payload to cloud storage.
2026-07-23 22:27:00,552 [INFO] Pipeline Execution Success: Raw payload archived to GitHub and flat arrays committed to PostgreSQL database.
2026-07-23 22:27:00,713 [INFO] Connecting to Neon PostgreSQL production node...
2026-07-23 22:27:00,797 [INFO] Extracting raw telemetry records...
2026-07-23 22:27:00,873 [INFO] Successfully extracted 2880 source entries from Postgres.
2026-07-23 22:27:00,873 [INFO] Extracting raw observed weather payload data for 2026-07-23...
2026-07-23 22:27:00,892 [INFO] Opening analytic file store at: environmental_data.db
2026-07-23 22:27:00,904 [INFO] Initializing dimensional framework in DuckDB...
2026-07-23 22:27:00,905 [INFO] Seeding static perimeter network structural dimensions...
2026-07-23 22:27:00,952 [INFO] Sorting telemetry stream rows into distinct physical fact tables...
2026-07-23 22:27:07,065 [INFO] Fact table processing complete. Total records isolated: 2880
2026-07-23 22:27:07,065 [INFO] Processing weather reality payload and computing real shift vectors...
2026-07-23 22:27:07,065 [INFO] Observed Realities Calculated: Temp: 68.2°F | Humid: 56.3% | Wind: 221.5° (SW -> Downwind: NE)
2026-07-23 22:27:07,071 [INFO] Observed shift weather summary successfully committed to local analytical core.
2026-07-23 22:27:07,106 [INFO] Connecting Admin Client to Aiven cluster to clear topic 'intraday_pid_telemetry'...
2026-07-23 22:27:08,256 [INFO] Topic 'intraday_pid_telemetry' successfully dropped from cluster logs.
2026-07-23 22:27:08,256 [INFO] Waiting 5 seconds for cluster stabilization...
2026-07-23 22:27:14,031 [INFO] Topic 'intraday_pid_telemetry' successfully recreated. Topic is now completely clean!
2026-07-23 22:27:14,031 [INFO] ETL ecosystem processing cycle terminated successfully.
2026-07-23 22:27:14,156 [INFO] Starting dashboard generation cycle...
2026-07-23 22:27:14,156 [INFO] Opening unified environmental data warehouse: environmental_data.db
2026-07-23 22:27:14,175 [INFO] Node-N timeline compiled. Datapoints: 360
2026-07-23 22:27:14,178 [INFO] Node-NE timeline compiled. Datapoints: 360
2026-07-23 22:27:14,180 [INFO] Node-E timeline compiled. Datapoints: 360
2026-07-23 22:27:14,183 [INFO] Node-SE timeline compiled. Datapoints: 360
2026-07-23 22:27:14,185 [INFO] Node-S timeline compiled. Datapoints: 360
2026-07-23 22:27:14,188 [INFO] Node-SW timeline compiled. Datapoints: 360
2026-07-23 22:27:14,190 [INFO] Node-W timeline compiled. Datapoints: 360
2026-07-23 22:27:14,193 [INFO] Node-NW timeline compiled. Datapoints: 360
2026-07-23 22:27:14,197 [INFO] Dashboard rewrite finalized. Output target flushed to: index.html
2026-07-24 22:31:52,430 [INFO] --- Launching Afternoon Ingestion Phase for 2026-07-24 ---
2026-07-24 22:31:52,430 [INFO] Extracting raw weather payload data from Open-Meteo API...
2026-07-24 22:31:53,087 [INFO] Loading stage complete! Raw payload file successfully saved to: raw_json/observed_2026-07-24.json
2026-07-24 22:31:53,087 [INFO] Connecting to cloud Neon PostgreSQL database instance to archive JSONB document...
2026-07-24 22:31:54,929 [INFO] Successfully committed complete observed JSONB document payload to cloud storage.
2026-07-24 22:31:54,929 [INFO] Pipeline Execution Success: Raw payload archived to GitHub and flat arrays committed to PostgreSQL database.
2026-07-24 22:31:55,084 [INFO] Connecting to Neon PostgreSQL production node...
2026-07-24 22:31:55,452 [INFO] Extracting raw telemetry records...
2026-07-24 22:31:55,885 [INFO] Successfully extracted 3840 source entries from Postgres.
2026-07-24 22:31:55,886 [INFO] Extracting raw observed weather payload data for 2026-07-24...
2026-07-24 22:31:55,953 [INFO] Opening analytic file store at: environmental_data.db
2026-07-24 22:31:55,964 [INFO] Initializing dimensional framework in DuckDB...
2026-07-24 22:31:55,965 [INFO] Seeding static perimeter network structural dimensions...
2026-07-24 22:31:56,015 [INFO] Sorting telemetry stream rows into distinct physical fact tables...
2026-07-24 22:32:06,617 [INFO] Fact table processing complete. Total records isolated: 3840
2026-07-24 22:32:06,617 [INFO] Processing weather reality payload and computing real shift vectors...
2026-07-24 22:32:06,617 [INFO] Observed Realities Calculated: Temp: 73.5°F | Humid: 51.1% | Wind: 202.3° (SSW -> Downwind: NNE)
2026-07-24 22:32:06,623 [INFO] Observed shift weather summary successfully committed to local analytical core.
2026-07-24 22:32:06,657 [INFO] Connecting Admin Client to Aiven cluster to clear topic 'intraday_pid_telemetry'...
2026-07-24 22:32:08,061 [INFO] Topic 'intraday_pid_telemetry' successfully dropped from cluster logs.
2026-07-24 22:32:08,061 [INFO] Waiting 5 seconds for cluster stabilization...
2026-07-24 22:32:13,395 [INFO] Topic 'intraday_pid_telemetry' successfully recreated. Topic is now completely clean!
2026-07-24 22:32:13,396 [INFO] ETL ecosystem processing cycle terminated successfully.
2026-07-24 22:32:13,511 [INFO] Starting dashboard generation cycle...
2026-07-24 22:32:13,511 [INFO] Opening unified environmental data warehouse: environmental_data.db
2026-07-24 22:32:13,530 [INFO] Node-N timeline compiled. Datapoints: 480
2026-07-24 22:32:13,533 [INFO] Node-NE timeline compiled. Datapoints: 480
2026-07-24 22:32:13,535 [INFO] Node-E timeline compiled. Datapoints: 480
2026-07-24 22:32:13,538 [INFO] Node-SE timeline compiled. Datapoints: 480
2026-07-24 22:32:13,540 [INFO] Node-S timeline compiled. Datapoints: 480
2026-07-24 22:32:13,543 [INFO] Node-SW timeline compiled. Datapoints: 480
2026-07-24 22:32:13,546 [INFO] Node-W timeline compiled. Datapoints: 480
2026-07-24 22:32:13,548 [INFO] Node-NW timeline compiled. Datapoints: 480
2026-07-24 22:32:13,553 [INFO] Dashboard rewrite finalized. Output target flushed to: index.html
2026-07-27 22:29:44,328 [INFO] --- Launching Afternoon Ingestion Phase for 2026-07-27 ---
2026-07-27 22:29:44,328 [INFO] Extracting raw weather payload data from Open-Meteo API...
2026-07-27 22:29:44,743 [INFO] Loading stage complete! Raw payload file successfully saved to: raw_json/observed_2026-07-27.json
2026-07-27 22:29:44,743 [INFO] Connecting to cloud Neon PostgreSQL database instance to archive JSONB document...
2026-07-27 22:29:45,616 [INFO] Successfully committed complete observed JSONB document payload to cloud storage.
2026-07-27 22:29:45,617 [INFO] Pipeline Execution Success: Raw payload archived to GitHub and flat arrays committed to PostgreSQL database.
2026-07-27 22:29:45,766 [INFO] Connecting to Neon PostgreSQL production node...
2026-07-27 22:29:45,897 [INFO] Extracting raw telemetry records...
2026-07-27 22:29:46,027 [INFO] Successfully extracted 2880 source entries from Postgres.
2026-07-27 22:29:46,028 [INFO] Extracting raw observed weather payload data for 2026-07-27...
2026-07-27 22:29:46,055 [INFO] Opening analytic file store at: environmental_data.db
2026-07-27 22:29:46,067 [INFO] Initializing dimensional framework in DuckDB...
2026-07-27 22:29:46,068 [INFO] Seeding static perimeter network structural dimensions...
2026-07-27 22:29:46,116 [INFO] Sorting telemetry stream rows into distinct physical fact tables...
2026-07-27 22:29:52,450 [INFO] Fact table processing complete. Total records isolated: 2880
2026-07-27 22:29:52,451 [INFO] Processing weather reality payload and computing real shift vectors...
2026-07-27 22:29:52,451 [INFO] Observed Realities Calculated: Temp: 76.5°F | Humid: 80.2% | Wind: 213.9° (SW -> Downwind: NE)
2026-07-27 22:29:52,456 [INFO] Observed shift weather summary successfully committed to local analytical core.
2026-07-27 22:29:52,492 [INFO] Connecting Admin Client to Aiven cluster to clear topic 'intraday_pid_telemetry'...
2026-07-27 22:29:53,414 [INFO] Topic 'intraday_pid_telemetry' successfully dropped from cluster logs.
2026-07-27 22:29:53,415 [INFO] Waiting 5 seconds for cluster stabilization...
2026-07-27 22:29:58,726 [INFO] Topic 'intraday_pid_telemetry' successfully recreated. Topic is now completely clean!
2026-07-27 22:29:58,727 [INFO] ETL ecosystem processing cycle terminated successfully.
2026-07-27 22:29:58,848 [INFO] Starting dashboard generation cycle...
2026-07-27 22:29:58,849 [INFO] Opening unified environmental data warehouse: environmental_data.db
2026-07-27 22:29:58,869 [INFO] Node-N timeline compiled. Datapoints: 360
2026-07-27 22:29:58,871 [INFO] Node-NE timeline compiled. Datapoints: 360
2026-07-27 22:29:58,874 [INFO] Node-E timeline compiled. Datapoints: 360
2026-07-27 22:29:58,877 [INFO] Node-SE timeline compiled. Datapoints: 360
2026-07-27 22:29:58,879 [INFO] Node-S timeline compiled. Datapoints: 360
2026-07-27 22:29:58,882 [INFO] Node-SW timeline compiled. Datapoints: 360
2026-07-27 22:29:58,884 [INFO] Node-W timeline compiled. Datapoints: 360
2026-07-27 22:29:58,887 [INFO] Node-NW timeline compiled. Datapoints: 360
2026-07-27 22:29:58,891 [INFO] Dashboard rewrite finalized. Output target flushed to: index.html
2026-07-28 22:27:52,992 [INFO] --- Launching Afternoon Ingestion Phase for 2026-07-28 ---
2026-07-28 22:27:52,992 [INFO] Extracting raw weather payload data from Open-Meteo API...
2026-07-28 22:27:53,451 [INFO] Loading stage complete! Raw payload file successfully saved to: raw_json/observed_2026-07-28.json
2026-07-28 22:27:53,451 [INFO] Connecting to cloud Neon PostgreSQL database instance to archive JSONB document...
2026-07-28 22:27:54,302 [INFO] Successfully committed complete observed JSONB document payload to cloud storage.
2026-07-28 22:27:54,302 [INFO] Pipeline Execution Success: Raw payload archived to GitHub and flat arrays committed to PostgreSQL database.
2026-07-28 22:27:54,459 [INFO] Connecting to Neon PostgreSQL production node...
2026-07-28 22:27:54,539 [INFO] Extracting raw telemetry records...
2026-07-28 22:27:54,622 [INFO] Successfully extracted 2880 source entries from Postgres.
2026-07-28 22:27:54,622 [INFO] Extracting raw observed weather payload data for 2026-07-28...
2026-07-28 22:27:54,641 [INFO] Opening analytic file store at: environmental_data.db
2026-07-28 22:27:54,653 [INFO] Initializing dimensional framework in DuckDB...
2026-07-28 22:27:54,655 [INFO] Seeding static perimeter network structural dimensions...
2026-07-28 22:27:54,705 [INFO] Sorting telemetry stream rows into distinct physical fact tables...
2026-07-28 22:28:01,527 [INFO] Fact table processing complete. Total records isolated: 2880
2026-07-28 22:28:01,527 [INFO] Processing weather reality payload and computing real shift vectors...
2026-07-28 22:28:01,527 [INFO] Observed Realities Calculated: Temp: 74.2°F | Humid: 83.7% | Wind: 316.4° (NW -> Downwind: SE)
2026-07-28 22:28:01,533 [INFO] Observed shift weather summary successfully committed to local analytical core.
2026-07-28 22:28:01,569 [INFO] Connecting Admin Client to Aiven cluster to clear topic 'intraday_pid_telemetry'...
2026-07-28 22:28:02,779 [INFO] Topic 'intraday_pid_telemetry' successfully dropped from cluster logs.
2026-07-28 22:28:02,779 [INFO] Waiting 5 seconds for cluster stabilization...
2026-07-28 22:28:08,417 [INFO] Topic 'intraday_pid_telemetry' successfully recreated. Topic is now completely clean!
2026-07-28 22:28:08,418 [INFO] ETL ecosystem processing cycle terminated successfully.
2026-07-28 22:28:08,534 [INFO] Starting dashboard generation cycle...
2026-07-28 22:28:08,534 [INFO] Opening unified environmental data warehouse: environmental_data.db
2026-07-28 22:28:08,554 [INFO] Node-N timeline compiled. Datapoints: 360
2026-07-28 22:28:08,556 [INFO] Node-NE timeline compiled. Datapoints: 360
2026-07-28 22:28:08,558 [INFO] Node-E timeline compiled. Datapoints: 360
2026-07-28 22:28:08,561 [INFO] Node-SE timeline compiled. Datapoints: 360
2026-07-28 22:28:08,563 [INFO] Node-S timeline compiled. Datapoints: 360
2026-07-28 22:28:08,565 [INFO] Node-SW timeline compiled. Datapoints: 360
2026-07-28 22:28:08,568 [INFO] Node-W timeline compiled. Datapoints: 360
2026-07-28 22:28:08,570 [INFO] Node-NW timeline compiled. Datapoints: 360
2026-07-28 22:28:08,574 [INFO] Dashboard rewrite finalized. Output target flushed to: index.html
2026-07-29 22:16:13,662 [INFO] --- Launching Afternoon Ingestion Phase for 2026-07-29 ---
2026-07-29 22:16:13,662 [INFO] Extracting raw weather payload data from Open-Meteo API...
2026-07-29 22:16:14,058 [INFO] Loading stage complete! Raw payload file successfully saved to: raw_json/observed_2026-07-29.json
2026-07-29 22:16:14,058 [INFO] Connecting to cloud Neon PostgreSQL database instance to archive JSONB document...
2026-07-29 22:16:14,970 [INFO] Successfully committed complete observed JSONB document payload to cloud storage.
2026-07-29 22:16:14,970 [INFO] Pipeline Execution Success: Raw payload archived to GitHub and flat arrays committed to PostgreSQL database.
2026-07-29 22:16:15,122 [INFO] Connecting to Neon PostgreSQL production node...
2026-07-29 22:16:15,247 [INFO] Extracting raw telemetry records...
2026-07-29 22:16:15,379 [INFO] Successfully extracted 2880 source entries from Postgres.
2026-07-29 22:16:15,379 [INFO] Extracting raw observed weather payload data for 2026-07-29...
2026-07-29 22:16:15,405 [INFO] Opening analytic file store at: environmental_data.db
2026-07-29 22:16:15,416 [INFO] Initializing dimensional framework in DuckDB...
2026-07-29 22:16:15,418 [INFO] Seeding static perimeter network structural dimensions...
2026-07-29 22:16:15,468 [INFO] Sorting telemetry stream rows into distinct physical fact tables...
2026-07-29 22:16:22,067 [INFO] Fact table processing complete. Total records isolated: 2880
2026-07-29 22:16:22,067 [INFO] Processing weather reality payload and computing real shift vectors...
2026-07-29 22:16:22,067 [INFO] Observed Realities Calculated: Temp: 72.2°F | Humid: 65.5% | Wind: 330.3° (NNW -> Downwind: SSE)
2026-07-29 22:16:22,073 [INFO] Observed shift weather summary successfully committed to local analytical core.
2026-07-29 22:16:22,110 [INFO] Connecting Admin Client to Aiven cluster to clear topic 'intraday_pid_telemetry'...
2026-07-29 22:16:22,967 [INFO] Topic 'intraday_pid_telemetry' successfully dropped from cluster logs.
2026-07-29 22:16:22,967 [INFO] Waiting 5 seconds for cluster stabilization...
2026-07-29 22:16:28,152 [INFO] Topic 'intraday_pid_telemetry' successfully recreated. Topic is now completely clean!
2026-07-29 22:16:28,153 [INFO] ETL ecosystem processing cycle terminated successfully.
2026-07-29 22:16:28,268 [INFO] Starting dashboard generation cycle...
2026-07-29 22:16:28,268 [INFO] Opening unified environmental data warehouse: environmental_data.db
2026-07-29 22:16:28,287 [INFO] Node-N timeline compiled. Datapoints: 360
2026-07-29 22:16:28,289 [INFO] Node-NE timeline compiled. Datapoints: 360
2026-07-29 22:16:28,292 [INFO] Node-E timeline compiled. Datapoints: 360
2026-07-29 22:16:28,294 [INFO] Node-SE timeline compiled. Datapoints: 360
2026-07-29 22:16:28,296 [INFO] Node-S timeline compiled. Datapoints: 360
2026-07-29 22:16:28,299 [INFO] Node-SW timeline compiled. Datapoints: 360
2026-07-29 22:16:28,301 [INFO] Node-W timeline compiled. Datapoints: 360
2026-07-29 22:16:28,304 [INFO] Node-NW timeline compiled. Datapoints: 360
2026-07-29 22:16:28,308 [INFO] Dashboard rewrite finalized. Output target flushed to: index.html
2026-07-30 22:30:38,445 [INFO] --- Launching Afternoon Ingestion Phase for 2026-07-30 ---
2026-07-30 22:30:38,445 [INFO] Extracting raw weather payload data from Open-Meteo API...
2026-07-30 22:30:38,910 [INFO] Loading stage complete! Raw payload file successfully saved to: raw_json/observed_2026-07-30.json
2026-07-30 22:30:38,910 [INFO] Connecting to cloud Neon PostgreSQL database instance to archive JSONB document...
2026-07-30 22:30:39,849 [INFO] Successfully committed complete observed JSONB document payload to cloud storage.
2026-07-30 22:30:39,849 [INFO] Pipeline Execution Success: Raw payload archived to GitHub and flat arrays committed to PostgreSQL database.
2026-07-30 22:30:40,018 [INFO] Connecting to Neon PostgreSQL production node...
2026-07-30 22:30:40,154 [INFO] Extracting raw telemetry records...
2026-07-30 22:30:40,289 [INFO] Successfully extracted 2880 source entries from Postgres.
2026-07-30 22:30:40,289 [INFO] Extracting raw observed weather payload data for 2026-07-30...
2026-07-30 22:30:40,320 [INFO] Opening analytic file store at: environmental_data.db
2026-07-30 22:30:40,334 [INFO] Initializing dimensional framework in DuckDB...
2026-07-30 22:30:40,336 [INFO] Seeding static perimeter network structural dimensions...
2026-07-30 22:30:40,398 [INFO] Sorting telemetry stream rows into distinct physical fact tables...
2026-07-30 22:30:46,730 [INFO] Fact table processing complete. Total records isolated: 2880
2026-07-30 22:30:46,730 [INFO] Processing weather reality payload and computing real shift vectors...
2026-07-30 22:30:46,731 [INFO] Observed Realities Calculated: Temp: 74.2°F | Humid: 63.1% | Wind: 344.8° (NNW -> Downwind: SSE)
2026-07-30 22:30:46,737 [INFO] Observed shift weather summary successfully committed to local analytical core.
2026-07-30 22:30:46,774 [INFO] Connecting Admin Client to Aiven cluster to clear topic 'intraday_pid_telemetry'...
2026-07-30 22:30:47,879 [INFO] Topic 'intraday_pid_telemetry' successfully dropped from cluster logs.
2026-07-30 22:30:47,880 [INFO] Waiting 5 seconds for cluster stabilization...
2026-07-30 22:30:53,406 [INFO] Topic 'intraday_pid_telemetry' successfully recreated. Topic is now completely clean!
2026-07-30 22:30:53,407 [INFO] ETL ecosystem processing cycle terminated successfully.
2026-07-30 22:30:53,532 [INFO] Starting dashboard generation cycle...
2026-07-30 22:30:53,532 [INFO] Opening unified environmental data warehouse: environmental_data.db
2026-07-30 22:30:53,553 [INFO] Node-N timeline compiled. Datapoints: 360
2026-07-30 22:30:53,555 [INFO] Node-NE timeline compiled. Datapoints: 360
2026-07-30 22:30:53,557 [INFO] Node-E timeline compiled. Datapoints: 360
2026-07-30 22:30:53,560 [INFO] Node-SE timeline compiled. Datapoints: 360
2026-07-30 22:30:53,562 [INFO] Node-S timeline compiled. Datapoints: 360
2026-07-30 22:30:53,564 [INFO] Node-SW timeline compiled. Datapoints: 360
2026-07-30 22:30:53,567 [INFO] Node-W timeline compiled. Datapoints: 360
2026-07-30 22:30:53,569 [INFO] Node-NW timeline compiled. Datapoints: 360
2026-07-30 22:30:53,574 [INFO] Dashboard rewrite finalized. Output target flushed to: index.html
2026-07-31 22:26:10,830 [INFO] --- Launching Afternoon Ingestion Phase for 2026-07-31 ---
2026-07-31 22:26:10,830 [INFO] Extracting raw weather payload data from Open-Meteo API...
2026-07-31 22:26:11,242 [INFO] Loading stage complete! Raw payload file successfully saved to: raw_json/observed_2026-07-31.json
2026-07-31 22:26:11,242 [INFO] Connecting to cloud Neon PostgreSQL database instance to archive JSONB document...
2026-07-31 22:26:12,095 [INFO] Successfully committed complete observed JSONB document payload to cloud storage.
2026-07-31 22:26:12,095 [INFO] Pipeline Execution Success: Raw payload archived to GitHub and flat arrays committed to PostgreSQL database.
2026-07-31 22:26:12,255 [INFO] Connecting to Neon PostgreSQL production node...
2026-07-31 22:26:12,377 [INFO] Extracting raw telemetry records...
2026-07-31 22:26:12,493 [INFO] Successfully extracted 2880 source entries from Postgres.
2026-07-31 22:26:12,493 [INFO] Extracting raw observed weather payload data for 2026-07-31...
2026-07-31 22:26:12,519 [INFO] Opening analytic file store at: environmental_data.db
2026-07-31 22:26:12,531 [INFO] Initializing dimensional framework in DuckDB...
2026-07-31 22:26:12,532 [INFO] Seeding static perimeter network structural dimensions...
2026-07-31 22:26:12,581 [INFO] Sorting telemetry stream rows into distinct physical fact tables...
2026-07-31 22:26:18,954 [INFO] Fact table processing complete. Total records isolated: 2880
2026-07-31 22:26:18,954 [INFO] Processing weather reality payload and computing real shift vectors...
2026-07-31 22:26:18,954 [INFO] Observed Realities Calculated: Temp: 77.0°F | Humid: 64.3% | Wind: 215.3° (SW -> Downwind: NE)
2026-07-31 22:26:18,960 [INFO] Observed shift weather summary successfully committed to local analytical core.
2026-07-31 22:26:18,993 [INFO] Connecting Admin Client to Aiven cluster to clear topic 'intraday_pid_telemetry'...
2026-07-31 22:26:20,847 [INFO] Topic 'intraday_pid_telemetry' successfully dropped from cluster logs.
2026-07-31 22:26:20,847 [INFO] Waiting 5 seconds for cluster stabilization...
2026-07-31 22:26:26,392 [INFO] Topic 'intraday_pid_telemetry' successfully recreated. Topic is now completely clean!
2026-07-31 22:26:26,393 [INFO] ETL ecosystem processing cycle terminated successfully.
2026-07-31 22:26:26,514 [INFO] Starting dashboard generation cycle...
2026-07-31 22:26:26,515 [INFO] Opening unified environmental data warehouse: environmental_data.db
2026-07-31 22:26:26,535 [INFO] Node-N timeline compiled. Datapoints: 360
2026-07-31 22:26:26,538 [INFO] Node-NE timeline compiled. Datapoints: 360
2026-07-31 22:26:26,541 [INFO] Node-E timeline compiled. Datapoints: 360
2026-07-31 22:26:26,543 [INFO] Node-SE timeline compiled. Datapoints: 360
2026-07-31 22:26:26,546 [INFO] Node-S timeline compiled. Datapoints: 360
2026-07-31 22:26:26,548 [INFO] Node-SW timeline compiled. Datapoints: 360
2026-07-31 22:26:26,551 [INFO] Node-W timeline compiled. Datapoints: 360
2026-07-31 22:26:26,554 [INFO] Node-NW timeline compiled. Datapoints: 360
2026-07-31 22:26:26,558 [INFO] Dashboard rewrite finalized. Output target flushed to: index.html
2026-08-03 22:29:15,725 [INFO] --- Launching Afternoon Ingestion Phase for 2026-08-03 ---
2026-08-03 22:29:15,725 [INFO] Extracting raw weather payload data from Open-Meteo API...
2026-08-03 22:29:16,356 [INFO] Loading stage complete! Raw payload file successfully saved to: raw_json/observed_2026-08-03.json
2026-08-03 22:29:16,357 [INFO] Connecting to cloud Neon PostgreSQL database instance to archive JSONB document...
2026-08-03 22:29:17,485 [INFO] Successfully committed complete observed JSONB document payload to cloud storage.
2026-08-03 22:29:17,485 [INFO] Pipeline Execution Success: Raw payload archived to GitHub and flat arrays committed to PostgreSQL database.
2026-08-03 22:29:17,644 [INFO] Connecting to Neon PostgreSQL production node...
2026-08-03 22:29:17,836 [INFO] Extracting raw telemetry records...
2026-08-03 22:29:18,029 [INFO] Successfully extracted 2880 source entries from Postgres.
2026-08-03 22:29:18,029 [INFO] Extracting raw observed weather payload data for 2026-08-03...
2026-08-03 22:29:18,067 [INFO] Opening analytic file store at: environmental_data.db
2026-08-03 22:29:18,079 [INFO] Initializing dimensional framework in DuckDB...
2026-08-03 22:29:18,081 [INFO] Seeding static perimeter network structural dimensions...
2026-08-03 22:29:18,130 [INFO] Sorting telemetry stream rows into distinct physical fact tables...
2026-08-03 22:29:24,397 [INFO] Fact table processing complete. Total records isolated: 2880
2026-08-03 22:29:24,397 [INFO] Processing weather reality payload and computing real shift vectors...
2026-08-03 22:29:24,397 [INFO] Observed Realities Calculated: Temp: 70.0°F | Humid: 78.6% | Wind: 274.6° (W -> Downwind: E)
2026-08-03 22:29:24,403 [INFO] Observed shift weather summary successfully committed to local analytical core.
2026-08-03 22:29:24,439 [INFO] Connecting Admin Client to Aiven cluster to clear topic 'intraday_pid_telemetry'...
2026-08-03 22:29:25,634 [INFO] Topic 'intraday_pid_telemetry' successfully dropped from cluster logs.
2026-08-03 22:29:25,635 [INFO] Waiting 5 seconds for cluster stabilization...
2026-08-03 22:29:31,036 [INFO] Topic 'intraday_pid_telemetry' successfully recreated. Topic is now completely clean!
2026-08-03 22:29:31,037 [INFO] ETL ecosystem processing cycle terminated successfully.
2026-08-03 22:29:31,160 [INFO] Starting dashboard generation cycle...
2026-08-03 22:29:31,160 [INFO] Opening unified environmental data warehouse: environmental_data.db
2026-08-03 22:29:31,179 [INFO] Node-N timeline compiled. Datapoints: 360
2026-08-03 22:29:31,182 [INFO] Node-NE timeline compiled. Datapoints: 360
2026-08-03 22:29:31,184 [INFO] Node-E timeline compiled. Datapoints: 360
2026-08-03 22:29:31,187 [INFO] Node-SE timeline compiled. Datapoints: 360
2026-08-03 22:29:31,189 [INFO] Node-S timeline compiled. Datapoints: 360
2026-08-03 22:29:31,192 [INFO] Node-SW timeline compiled. Datapoints: 360
2026-08-03 22:29:31,194 [INFO] Node-W timeline compiled. Datapoints: 360
2026-08-03 22:29:31,197 [INFO] Node-NW timeline compiled. Datapoints: 360
2026-08-03 22:29:31,201 [INFO] Dashboard rewrite finalized. Output target flushed to: index.html
2026-08-04 22:31:11,603 [INFO] --- Launching Afternoon Ingestion Phase for 2026-08-04 ---
2026-08-04 22:31:11,603 [INFO] Extracting raw weather payload data from Open-Meteo API...
2026-08-04 22:31:12,020 [INFO] Loading stage complete! Raw payload file successfully saved to: raw_json/observed_2026-08-04.json
2026-08-04 22:31:12,020 [INFO] Connecting to cloud Neon PostgreSQL database instance to archive JSONB document...
2026-08-04 22:31:12,938 [INFO] Successfully committed complete observed JSONB document payload to cloud storage.
2026-08-04 22:31:12,938 [INFO] Pipeline Execution Success: Raw payload archived to GitHub and flat arrays committed to PostgreSQL database.
2026-08-04 22:31:13,102 [INFO] Connecting to Neon PostgreSQL production node...
2026-08-04 22:31:13,223 [INFO] Extracting raw telemetry records...
2026-08-04 22:31:13,352 [INFO] Successfully extracted 2880 source entries from Postgres.
2026-08-04 22:31:13,352 [INFO] Extracting raw observed weather payload data for 2026-08-04...
2026-08-04 22:31:13,380 [INFO] Opening analytic file store at: environmental_data.db
2026-08-04 22:31:13,392 [INFO] Initializing dimensional framework in DuckDB...
2026-08-04 22:31:13,394 [INFO] Seeding static perimeter network structural dimensions...
2026-08-04 22:31:13,444 [INFO] Sorting telemetry stream rows into distinct physical fact tables...
2026-08-04 22:31:19,823 [INFO] Fact table processing complete. Total records isolated: 2880
2026-08-04 22:31:19,823 [INFO] Processing weather reality payload and computing real shift vectors...
2026-08-04 22:31:19,823 [INFO] Observed Realities Calculated: Temp: 75.2°F | Humid: 58.5% | Wind: 203.3° (SSW -> Downwind: NNE)
2026-08-04 22:31:19,829 [INFO] Observed shift weather summary successfully committed to local analytical core.
2026-08-04 22:31:19,869 [INFO] Connecting Admin Client to Aiven cluster to clear topic 'intraday_pid_telemetry'...
2026-08-04 22:31:20,810 [INFO] Topic 'intraday_pid_telemetry' successfully dropped from cluster logs.
2026-08-04 22:31:20,810 [INFO] Waiting 5 seconds for cluster stabilization...
2026-08-04 22:31:26,375 [INFO] Topic 'intraday_pid_telemetry' successfully recreated. Topic is now completely clean!
2026-08-04 22:31:26,376 [INFO] ETL ecosystem processing cycle terminated successfully.
2026-08-04 22:31:26,502 [INFO] Starting dashboard generation cycle...
2026-08-04 22:31:26,502 [INFO] Opening unified environmental data warehouse: environmental_data.db
2026-08-04 22:31:26,523 [INFO] Node-N timeline compiled. Datapoints: 360
2026-08-04 22:31:26,525 [INFO] Node-NE timeline compiled. Datapoints: 360
2026-08-04 22:31:26,528 [INFO] Node-E timeline compiled. Datapoints: 360
2026-08-04 22:31:26,530 [INFO] Node-SE timeline compiled. Datapoints: 360
2026-08-04 22:31:26,533 [INFO] Node-S timeline compiled. Datapoints: 360
2026-08-04 22:31:26,535 [INFO] Node-SW timeline compiled. Datapoints: 360
2026-08-04 22:31:26,538 [INFO] Node-W timeline compiled. Datapoints: 360
2026-08-04 22:31:26,540 [INFO] Node-NW timeline compiled. Datapoints: 360
2026-08-04 22:31:26,545 [INFO] Dashboard rewrite finalized. Output target flushed to: index.html
2026-08-05 22:30:25,585 [INFO] --- Launching Afternoon Ingestion Phase for 2026-08-05 ---
2026-08-05 22:30:25,585 [INFO] Extracting raw weather payload data from Open-Meteo API...
2026-08-05 22:30:26,240 [INFO] Loading stage complete! Raw payload file successfully saved to: raw_json/observed_2026-08-05.json
2026-08-05 22:30:26,240 [INFO] Connecting to cloud Neon PostgreSQL database instance to archive JSONB document...
2026-08-05 22:30:27,699 [INFO] Successfully committed complete observed JSONB document payload to cloud storage.
2026-08-05 22:30:27,699 [INFO] Pipeline Execution Success: Raw payload archived to GitHub and flat arrays committed to PostgreSQL database.
2026-08-05 22:30:27,830 [INFO] Connecting to Neon PostgreSQL production node...
2026-08-05 22:30:28,271 [INFO] Extracting raw telemetry records...
2026-08-05 22:30:28,712 [INFO] Successfully extracted 2880 source entries from Postgres.
2026-08-05 22:30:28,712 [INFO] Extracting raw observed weather payload data for 2026-08-05...
2026-08-05 22:30:28,791 [INFO] Opening analytic file store at: environmental_data.db
2026-08-05 22:30:28,801 [INFO] Initializing dimensional framework in DuckDB...
2026-08-05 22:30:28,802 [INFO] Seeding static perimeter network structural dimensions...
2026-08-05 22:30:28,841 [INFO] Sorting telemetry stream rows into distinct physical fact tables...
2026-08-05 22:30:42,212 [INFO] Fact table processing complete. Total records isolated: 2880
2026-08-05 22:30:42,213 [INFO] Processing weather reality payload and computing real shift vectors...
2026-08-05 22:30:42,213 [INFO] Observed Realities Calculated: Temp: 80.5°F | Humid: 65.6% | Wind: 200.8° (SSW -> Downwind: NNE)
2026-08-05 22:30:42,218 [INFO] Observed shift weather summary successfully committed to local analytical core.
2026-08-05 22:30:42,297 [INFO] Connecting Admin Client to Aiven cluster to clear topic 'intraday_pid_telemetry'...
2026-08-05 22:30:44,985 [INFO] Topic 'intraday_pid_telemetry' successfully dropped from cluster logs.
2026-08-05 22:30:44,986 [INFO] Waiting 5 seconds for cluster stabilization...
2026-08-05 22:30:50,483 [INFO] Topic 'intraday_pid_telemetry' successfully recreated. Topic is now completely clean!
2026-08-05 22:30:50,484 [INFO] ETL ecosystem processing cycle terminated successfully.
2026-08-05 22:30:50,581 [INFO] Starting dashboard generation cycle...
2026-08-05 22:30:50,581 [INFO] Opening unified environmental data warehouse: environmental_data.db
2026-08-05 22:30:50,597 [INFO] Node-N timeline compiled. Datapoints: 360
2026-08-05 22:30:50,599 [INFO] Node-NE timeline compiled. Datapoints: 360
2026-08-05 22:30:50,600 [INFO] Node-E timeline compiled. Datapoints: 360
2026-08-05 22:30:50,602 [INFO] Node-SE timeline compiled. Datapoints: 360
2026-08-05 22:30:50,604 [INFO] Node-S timeline compiled. Datapoints: 360
2026-08-05 22:30:50,606 [INFO] Node-SW timeline compiled. Datapoints: 360
2026-08-05 22:30:50,608 [INFO] Node-W timeline compiled. Datapoints: 360
2026-08-05 22:30:50,610 [INFO] Node-NW timeline compiled. Datapoints: 360
2026-08-05 22:30:50,613 [INFO] Dashboard rewrite finalized. Output target flushed to: index.html
2026-08-07 01:02:40,650 [INFO] --- Launching Afternoon Ingestion Phase for 2026-08-06 ---
2026-08-07 01:02:40,650 [INFO] Extracting raw weather payload data from Open-Meteo API...
2026-08-07 01:02:41,333 [INFO] Loading stage complete! Raw payload file successfully saved to: raw_json/observed_2026-08-06.json
2026-08-07 01:02:41,333 [INFO] Connecting to cloud Neon PostgreSQL database instance to archive JSONB document...
2026-08-07 01:02:42,859 [INFO] Successfully committed complete observed JSONB document payload to cloud storage.
2026-08-07 01:02:42,859 [INFO] Pipeline Execution Success: Raw payload archived to GitHub and flat arrays committed to PostgreSQL database.
2026-08-07 01:02:43,447 [INFO] Connecting to Neon PostgreSQL production node...
2026-08-07 01:02:43,867 [INFO] Extracting raw telemetry records...
2026-08-07 01:02:44,217 [INFO] Successfully extracted 1920 source entries from Postgres.
2026-08-07 01:02:44,217 [INFO] Extracting raw observed weather payload data for 2026-08-06...
2026-08-07 01:02:44,293 [INFO] Opening analytic file store at: environmental_data.db
2026-08-07 01:02:44,304 [INFO] Initializing dimensional framework in DuckDB...
2026-08-07 01:02:44,306 [INFO] Seeding static perimeter network structural dimensions...
2026-08-07 01:02:44,355 [INFO] Sorting telemetry stream rows into distinct physical fact tables...
2026-08-07 01:02:48,911 [INFO] Fact table processing complete. Total records isolated: 1920
2026-08-07 01:02:48,911 [INFO] Processing weather reality payload and computing real shift vectors...
2026-08-07 01:02:48,911 [INFO] Observed Realities Calculated: Temp: 80.1°F | Humid: 73.8% | Wind: 217.8° (SW -> Downwind: NE)
2026-08-07 01:02:48,917 [INFO] Observed shift weather summary successfully committed to local analytical core.
2026-08-07 01:02:48,949 [INFO] Connecting Admin Client to Aiven cluster to clear topic 'intraday_pid_telemetry'...
2026-08-07 01:02:50,186 [INFO] Topic 'intraday_pid_telemetry' successfully dropped from cluster logs.
2026-08-07 01:02:50,187 [INFO] Waiting 5 seconds for cluster stabilization...
2026-08-07 01:02:55,411 [INFO] Topic 'intraday_pid_telemetry' successfully recreated. Topic is now completely clean!
2026-08-07 01:02:55,411 [INFO] ETL ecosystem processing cycle terminated successfully.
2026-08-07 01:02:55,525 [INFO] Starting dashboard generation cycle...
2026-08-07 01:02:55,526 [INFO] Opening unified environmental data warehouse: environmental_data.db
2026-08-07 01:02:55,545 [INFO] Node-N timeline compiled. Datapoints: 240
2026-08-07 01:02:55,548 [INFO] Node-NE timeline compiled. Datapoints: 240
2026-08-07 01:02:55,550 [INFO] Node-E timeline compiled. Datapoints: 240
2026-08-07 01:02:55,552 [INFO] Node-SE timeline compiled. Datapoints: 240
2026-08-07 01:02:55,555 [INFO] Node-S timeline compiled. Datapoints: 240
2026-08-07 01:02:55,557 [INFO] Node-SW timeline compiled. Datapoints: 240
2026-08-07 01:02:55,559 [INFO] Node-W timeline compiled. Datapoints: 240
2026-08-07 01:02:55,562 [INFO] Node-NW timeline compiled. Datapoints: 240
2026-08-07 01:02:55,565 [INFO] Dashboard rewrite finalized. Output target flushed to: index.html
2026-08-07 21:58:56,216 [INFO] --- Launching Afternoon Ingestion Phase for 2026-08-07 ---
2026-08-07 21:58:56,216 [INFO] Extracting raw weather payload data from Open-Meteo API...
2026-08-07 21:58:56,848 [INFO] Loading stage complete! Raw payload file successfully saved to: raw_json/observed_2026-08-07.json
2026-08-07 21:58:56,849 [INFO] Connecting to cloud Neon PostgreSQL database instance to archive JSONB document...
2026-08-07 21:58:58,355 [INFO] Successfully committed complete observed JSONB document payload to cloud storage.
2026-08-07 21:58:58,355 [INFO] Pipeline Execution Success: Raw payload archived to GitHub and flat arrays committed to PostgreSQL database.
2026-08-07 21:58:58,501 [INFO] Connecting to Neon PostgreSQL production node...
2026-08-07 21:58:58,898 [INFO] Extracting raw telemetry records...
2026-08-07 21:58:59,421 [INFO] Successfully extracted 4800 source entries from Postgres.
2026-08-07 21:58:59,421 [INFO] Extracting raw observed weather payload data for 2026-08-07...
2026-08-07 21:58:59,492 [INFO] Opening analytic file store at: environmental_data.db
2026-08-07 21:58:59,504 [INFO] Initializing dimensional framework in DuckDB...
2026-08-07 21:58:59,505 [INFO] Seeding static perimeter network structural dimensions...
2026-08-07 21:58:59,554 [INFO] Sorting telemetry stream rows into distinct physical fact tables...
2026-08-07 21:59:11,000 [INFO] Fact table processing complete. Total records isolated: 4800
2026-08-07 21:59:11,000 [INFO] Processing weather reality payload and computing real shift vectors...
2026-08-07 21:59:11,000 [INFO] Observed Realities Calculated: Temp: 74.4°F | Humid: 91.6% | Wind: 184.8° (S -> Downwind: N)
2026-08-07 21:59:11,006 [INFO] Observed shift weather summary successfully committed to local analytical core.
2026-08-07 21:59:11,044 [INFO] Connecting Admin Client to Aiven cluster to clear topic 'intraday_pid_telemetry'...
2026-08-07 21:59:11,872 [INFO] Topic 'intraday_pid_telemetry' successfully dropped from cluster logs.
2026-08-07 21:59:11,872 [INFO] Waiting 5 seconds for cluster stabilization...
2026-08-07 21:59:17,029 [INFO] Topic 'intraday_pid_telemetry' successfully recreated. Topic is now completely clean!
2026-08-07 21:59:17,030 [INFO] ETL ecosystem processing cycle terminated successfully.
2026-08-07 21:59:17,149 [INFO] Starting dashboard generation cycle...
2026-08-07 21:59:17,149 [INFO] Opening unified environmental data warehouse: environmental_data.db
2026-08-07 21:59:17,169 [INFO] Node-N timeline compiled. Datapoints: 840
2026-08-07 21:59:17,172 [INFO] Node-NE timeline compiled. Datapoints: 840
2026-08-07 21:59:17,176 [INFO] Node-E timeline compiled. Datapoints: 840
2026-08-07 21:59:17,179 [INFO] Node-SE timeline compiled. Datapoints: 840
2026-08-07 21:59:17,182 [INFO] Node-S timeline compiled. Datapoints: 840
2026-08-07 21:59:17,185 [INFO] Node-SW timeline compiled. Datapoints: 840
2026-08-07 21:59:17,188 [INFO] Node-W timeline compiled. Datapoints: 840
2026-08-07 21:59:17,191 [INFO] Node-NW timeline compiled. Datapoints: 840
2026-08-07 21:59:17,199 [INFO] Dashboard rewrite finalized. Output target flushed to: index.html
2026-08-10 22:01:29,617 [INFO] --- Launching Afternoon Ingestion Phase for 2026-08-10 ---
2026-08-10 22:01:29,617 [INFO] Extracting raw weather payload data from Open-Meteo API...
2026-08-10 22:01:30,262 [INFO] Loading stage complete! Raw payload file successfully saved to: raw_json/observed_2026-08-10.json
2026-08-10 22:01:30,263 [INFO] Connecting to cloud Neon PostgreSQL database instance to archive JSONB document...
2026-08-10 22:01:31,510 [INFO] Successfully committed complete observed JSONB document payload to cloud storage.
2026-08-10 22:01:31,510 [INFO] Pipeline Execution Success: Raw payload archived to GitHub and flat arrays committed to PostgreSQL database.
2026-08-10 22:01:31,664 [INFO] Connecting to Neon PostgreSQL production node...
2026-08-10 22:01:31,989 [INFO] Extracting raw telemetry records...
2026-08-10 22:01:32,402 [INFO] Successfully extracted 4800 source entries from Postgres.
2026-08-10 22:01:32,402 [INFO] Extracting raw observed weather payload data for 2026-08-10...
2026-08-10 22:01:32,460 [INFO] Opening analytic file store at: environmental_data.db
2026-08-10 22:01:32,471 [INFO] Initializing dimensional framework in DuckDB...
2026-08-10 22:01:32,473 [INFO] Seeding static perimeter network structural dimensions...
2026-08-10 22:01:32,523 [INFO] Sorting telemetry stream rows into distinct physical fact tables...
2026-08-10 22:01:43,322 [INFO] Fact table processing complete. Total records isolated: 4800
2026-08-10 22:01:43,322 [INFO] Processing weather reality payload and computing real shift vectors...
2026-08-10 22:01:43,322 [INFO] Observed Realities Calculated: Temp: 76.2°F | Humid: 80.2% | Wind: 211.5° (SSW -> Downwind: NNE)
2026-08-10 22:01:43,327 [INFO] Observed shift weather summary successfully committed to local analytical core.
2026-08-10 22:01:43,365 [INFO] Connecting Admin Client to Aiven cluster to clear topic 'intraday_pid_telemetry'...
2026-08-10 22:01:44,528 [INFO] Topic 'intraday_pid_telemetry' successfully dropped from cluster logs.
2026-08-10 22:01:44,529 [INFO] Waiting 5 seconds for cluster stabilization...
2026-08-10 22:01:50,050 [INFO] Topic 'intraday_pid_telemetry' successfully recreated. Topic is now completely clean!
2026-08-10 22:01:50,051 [INFO] ETL ecosystem processing cycle terminated successfully.
2026-08-10 22:01:50,172 [INFO] Starting dashboard generation cycle...
2026-08-10 22:01:50,172 [INFO] Opening unified environmental data warehouse: environmental_data.db
2026-08-10 22:01:50,192 [INFO] Node-N timeline compiled. Datapoints: 600
2026-08-10 22:01:50,195 [INFO] Node-NE timeline compiled. Datapoints: 600
2026-08-10 22:01:50,197 [INFO] Node-E timeline compiled. Datapoints: 600
2026-08-10 22:01:50,200 [INFO] Node-SE timeline compiled. Datapoints: 600
2026-08-10 22:01:50,203 [INFO] Node-S timeline compiled. Datapoints: 600
2026-08-10 22:01:50,205 [INFO] Node-SW timeline compiled. Datapoints: 600
2026-08-10 22:01:50,208 [INFO] Node-W timeline compiled. Datapoints: 600
2026-08-10 22:01:50,211 [INFO] Node-NW timeline compiled. Datapoints: 600
2026-08-10 22:01:50,217 [INFO] Dashboard rewrite finalized. Output target flushed to: index.html
2026-08-11 22:08:13,426 [INFO] --- Launching Afternoon Ingestion Phase for 2026-08-11 ---
2026-08-11 22:08:13,426 [INFO] Extracting raw weather payload data from Open-Meteo API...
2026-08-11 22:08:14,055 [INFO] Loading stage complete! Raw payload file successfully saved to: raw_json/observed_2026-08-11.json
2026-08-11 22:08:14,055 [INFO] Connecting to cloud Neon PostgreSQL database instance to archive JSONB document...
2026-08-11 22:08:15,614 [INFO] Successfully committed complete observed JSONB document payload to cloud storage.
2026-08-11 22:08:15,614 [INFO] Pipeline Execution Success: Raw payload archived to GitHub and flat arrays committed to PostgreSQL database.
2026-08-11 22:08:15,748 [INFO] Connecting to Neon PostgreSQL production node...
2026-08-11 22:08:16,262 [INFO] Extracting raw telemetry records...
2026-08-11 22:08:16,945 [INFO] Successfully extracted 4800 source entries from Postgres.
2026-08-11 22:08:16,945 [INFO] Extracting raw observed weather payload data for 2026-08-11...
2026-08-11 22:08:17,037 [INFO] Opening analytic file store at: environmental_data.db
2026-08-11 22:08:17,046 [INFO] Initializing dimensional framework in DuckDB...
2026-08-11 22:08:17,047 [INFO] Seeding static perimeter network structural dimensions...
2026-08-11 22:08:17,086 [INFO] Sorting telemetry stream rows into distinct physical fact tables...
2026-08-11 22:08:42,705 [INFO] Fact table processing complete. Total records isolated: 4800
2026-08-11 22:08:42,705 [INFO] Processing weather reality payload and computing real shift vectors...
2026-08-11 22:08:42,705 [INFO] Observed Realities Calculated: Temp: 78.2°F | Humid: 57.2% | Wind: 268.2° (W -> Downwind: E)
2026-08-11 22:08:42,710 [INFO] Observed shift weather summary successfully committed to local analytical core.
2026-08-11 22:08:42,747 [INFO] Connecting Admin Client to Aiven cluster to clear topic 'intraday_pid_telemetry'...
2026-08-11 22:08:43,549 [INFO] Topic 'intraday_pid_telemetry' successfully dropped from cluster logs.
2026-08-11 22:08:43,549 [INFO] Waiting 5 seconds for cluster stabilization...
2026-08-11 22:08:48,756 [INFO] Topic 'intraday_pid_telemetry' successfully recreated. Topic is now completely clean!
2026-08-11 22:08:48,757 [INFO] ETL ecosystem processing cycle terminated successfully.
2026-08-11 22:08:48,861 [INFO] Starting dashboard generation cycle...
2026-08-11 22:08:48,861 [INFO] Opening unified environmental data warehouse: environmental_data.db
2026-08-11 22:08:48,877 [INFO] Node-N timeline compiled. Datapoints: 600
2026-08-11 22:08:48,879 [INFO] Node-NE timeline compiled. Datapoints: 600
2026-08-11 22:08:48,881 [INFO] Node-E timeline compiled. Datapoints: 600
2026-08-11 22:08:48,883 [INFO] Node-SE timeline compiled. Datapoints: 600
2026-08-11 22:08:48,885 [INFO] Node-S timeline compiled. Datapoints: 600
2026-08-11 22:08:48,887 [INFO] Node-SW timeline compiled. Datapoints: 600
2026-08-11 22:08:48,890 [INFO] Node-W timeline compiled. Datapoints: 600
2026-08-11 22:08:48,892 [INFO] Node-NW timeline compiled. Datapoints: 600
2026-08-11 22:08:48,896 [INFO] Dashboard rewrite finalized. Output target flushed to: index.html
2026-08-12 22:06:01,060 [INFO] --- Launching Afternoon Ingestion Phase for 2026-08-12 ---
2026-08-12 22:06:01,061 [INFO] Extracting raw weather payload data from Open-Meteo API...
2026-08-12 22:06:01,477 [INFO] Loading stage complete! Raw payload file successfully saved to: raw_json/observed_2026-08-12.json
2026-08-12 22:06:01,477 [INFO] Connecting to cloud Neon PostgreSQL database instance to archive JSONB document...
2026-08-12 22:06:02,796 [INFO] Successfully committed complete observed JSONB document payload to cloud storage.
2026-08-12 22:06:02,796 [INFO] Pipeline Execution Success: Raw payload archived to GitHub and flat arrays committed to PostgreSQL database.
2026-08-12 22:06:02,955 [INFO] Connecting to Neon PostgreSQL production node...
2026-08-12 22:06:03,098 [INFO] Extracting raw telemetry records...
2026-08-12 22:06:03,258 [INFO] Successfully extracted 4784 source entries from Postgres.
2026-08-12 22:06:03,258 [INFO] Extracting raw observed weather payload data for 2026-08-12...
2026-08-12 22:06:03,284 [INFO] Opening analytic file store at: environmental_data.db
2026-08-12 22:06:03,296 [INFO] Initializing dimensional framework in DuckDB...
2026-08-12 22:06:03,297 [INFO] Seeding static perimeter network structural dimensions...
2026-08-12 22:06:03,344 [INFO] Sorting telemetry stream rows into distinct physical fact tables...
2026-08-12 22:06:13,602 [INFO] Fact table processing complete. Total records isolated: 4784
2026-08-12 22:06:13,602 [INFO] Processing weather reality payload and computing real shift vectors...
2026-08-12 22:06:13,602 [INFO] Observed Realities Calculated: Temp: 74.5°F | Humid: 81.1% | Wind: 218.3° (SW -> Downwind: NE)
2026-08-12 22:06:13,608 [INFO] Observed shift weather summary successfully committed to local analytical core.
2026-08-12 22:06:13,645 [INFO] Connecting Admin Client to Aiven cluster to clear topic 'intraday_pid_telemetry'...
2026-08-12 22:06:17,683 [INFO] Topic 'intraday_pid_telemetry' successfully dropped from cluster logs.
2026-08-12 22:06:17,683 [INFO] Waiting 5 seconds for cluster stabilization...
2026-08-12 22:06:23,504 [INFO] Topic 'intraday_pid_telemetry' successfully recreated. Topic is now completely clean!
2026-08-12 22:06:23,505 [INFO] ETL ecosystem processing cycle terminated successfully.
2026-08-12 22:06:23,623 [INFO] Starting dashboard generation cycle...
2026-08-12 22:06:23,623 [INFO] Opening unified environmental data warehouse: environmental_data.db
2026-08-12 22:06:23,643 [INFO] Node-N timeline compiled. Datapoints: 598
2026-08-12 22:06:23,646 [INFO] Node-NE timeline compiled. Datapoints: 598
2026-08-12 22:06:23,648 [INFO] Node-E timeline compiled. Datapoints: 598
2026-08-12 22:06:23,651 [INFO] Node-SE timeline compiled. Datapoints: 598
2026-08-12 22:06:23,653 [INFO] Node-S timeline compiled. Datapoints: 598
2026-08-12 22:06:23,656 [INFO] Node-SW timeline compiled. Datapoints: 598
2026-08-12 22:06:23,658 [INFO] Node-W timeline compiled. Datapoints: 598
2026-08-12 22:06:23,661 [INFO] Node-NW timeline compiled. Datapoints: 598
2026-08-12 22:06:23,666 [INFO] Dashboard rewrite finalized. Output target flushed to: index.html
2026-08-13 22:06:27,356 [INFO] --- Launching Afternoon Ingestion Phase for 2026-08-13 ---
2026-08-13 22:06:27,356 [INFO] Extracting raw weather payload data from Open-Meteo API...
2026-08-13 22:06:27,818 [INFO] Loading stage complete! Raw payload file successfully saved to: raw_json/observed_2026-08-13.json
2026-08-13 22:06:27,818 [INFO] Connecting to cloud Neon PostgreSQL database instance to archive JSONB document...
2026-08-13 22:06:29,248 [INFO] Successfully committed complete observed JSONB document payload to cloud storage.
2026-08-13 22:06:29,248 [INFO] Pipeline Execution Success: Raw payload archived to GitHub and flat arrays committed to PostgreSQL database.
2026-08-13 22:06:29,413 [INFO] Connecting to Neon PostgreSQL production node...
2026-08-13 22:06:29,546 [INFO] Extracting raw telemetry records...
2026-08-13 22:06:29,733 [INFO] Successfully extracted 4800 source entries from Postgres.
2026-08-13 22:06:29,733 [INFO] Extracting raw observed weather payload data for 2026-08-13...
2026-08-13 22:06:29,761 [INFO] Opening analytic file store at: environmental_data.db
2026-08-13 22:06:29,773 [INFO] Initializing dimensional framework in DuckDB...
2026-08-13 22:06:29,775 [INFO] Seeding static perimeter network structural dimensions...
2026-08-13 22:06:29,823 [INFO] Sorting telemetry stream rows into distinct physical fact tables...
2026-08-13 22:06:40,076 [INFO] Fact table processing complete. Total records isolated: 4800
2026-08-13 22:06:40,076 [INFO] Processing weather reality payload and computing real shift vectors...
2026-08-13 22:06:40,076 [INFO] Observed Realities Calculated: Temp: 76.6°F | Humid: 65.6% | Wind: 244.7° (WSW -> Downwind: ENE)
2026-08-13 22:06:40,082 [INFO] Observed shift weather summary successfully committed to local analytical core.
2026-08-13 22:06:40,116 [INFO] Connecting Admin Client to Aiven cluster to clear topic 'intraday_pid_telemetry'...
2026-08-13 22:06:41,073 [INFO] Topic 'intraday_pid_telemetry' successfully dropped from cluster logs.
2026-08-13 22:06:41,073 [INFO] Waiting 5 seconds for cluster stabilization...
2026-08-13 22:06:46,477 [INFO] Topic 'intraday_pid_telemetry' successfully recreated. Topic is now completely clean!
2026-08-13 22:06:46,478 [INFO] ETL ecosystem processing cycle terminated successfully.
2026-08-13 22:06:46,600 [INFO] Starting dashboard generation cycle...
2026-08-13 22:06:46,600 [INFO] Opening unified environmental data warehouse: environmental_data.db
2026-08-13 22:06:46,620 [INFO] Node-N timeline compiled. Datapoints: 600
2026-08-13 22:06:46,622 [INFO] Node-NE timeline compiled. Datapoints: 600
2026-08-13 22:06:46,625 [INFO] Node-E timeline compiled. Datapoints: 600
2026-08-13 22:06:46,628 [INFO] Node-SE timeline compiled. Datapoints: 600
2026-08-13 22:06:46,630 [INFO] Node-S timeline compiled. Datapoints: 600
2026-08-13 22:06:46,633 [INFO] Node-SW timeline compiled. Datapoints: 600
2026-08-13 22:06:46,635 [INFO] Node-W timeline compiled. Datapoints: 600
2026-08-13 22:06:46,638 [INFO] Node-NW timeline compiled. Datapoints: 600
2026-08-13 22:06:46,644 [INFO] Dashboard rewrite finalized. Output target flushed to: index.html
2026-08-14 21:43:54,472 [INFO] --- Launching Afternoon Ingestion Phase for 2026-08-14 ---
2026-08-14 21:43:54,472 [INFO] Extracting raw weather payload data from Open-Meteo API...
2026-08-14 21:43:54,873 [INFO] Loading stage complete! Raw payload file successfully saved to: raw_json/observed_2026-08-14.json
2026-08-14 21:43:54,873 [INFO] Connecting to cloud Neon PostgreSQL database instance to archive JSONB document...
2026-08-14 21:43:55,740 [INFO] Successfully committed complete observed JSONB document payload to cloud storage.
2026-08-14 21:43:55,740 [INFO] Pipeline Execution Success: Raw payload archived to GitHub and flat arrays committed to PostgreSQL database.
2026-08-14 21:43:55,902 [INFO] Connecting to Neon PostgreSQL production node...
2026-08-14 21:43:56,035 [INFO] Extracting raw telemetry records...
2026-08-14 21:43:56,198 [INFO] Successfully extracted 4800 source entries from Postgres.
2026-08-14 21:43:56,199 [INFO] Extracting raw observed weather payload data for 2026-08-14...
2026-08-14 21:43:56,226 [INFO] Opening analytic file store at: environmental_data.db
2026-08-14 21:43:56,237 [INFO] Initializing dimensional framework in DuckDB...
2026-08-14 21:43:56,239 [INFO] Seeding static perimeter network structural dimensions...
2026-08-14 21:43:56,286 [INFO] Sorting telemetry stream rows into distinct physical fact tables...
2026-08-14 21:44:06,556 [INFO] Fact table processing complete. Total records isolated: 4800
2026-08-14 21:44:06,556 [INFO] Processing weather reality payload and computing real shift vectors...
2026-08-14 21:44:06,556 [INFO] Observed Realities Calculated: Temp: 77.9°F | Humid: 60.6% | Wind: 279.0° (W -> Downwind: E)
2026-08-14 21:44:06,561 [INFO] Observed shift weather summary successfully committed to local analytical core.
2026-08-14 21:44:06,596 [INFO] Connecting Admin Client to Aiven cluster to clear topic 'intraday_pid_telemetry'...
2026-08-14 21:44:07,163 [INFO] Topic 'intraday_pid_telemetry' successfully dropped from cluster logs.
2026-08-14 21:44:07,163 [INFO] Waiting 5 seconds for cluster stabilization...
2026-08-14 21:44:12,351 [INFO] Topic 'intraday_pid_telemetry' successfully recreated. Topic is now completely clean!
2026-08-14 21:44:12,351 [INFO] ETL ecosystem processing cycle terminated successfully.
2026-08-14 21:44:12,471 [INFO] Starting dashboard generation cycle...
2026-08-14 21:44:12,472 [INFO] Opening unified environmental data warehouse: environmental_data.db
2026-08-14 21:44:12,491 [INFO] Node-N timeline compiled. Datapoints: 600
2026-08-14 21:44:12,494 [INFO] Node-NE timeline compiled. Datapoints: 600
2026-08-14 21:44:12,496 [INFO] Node-E timeline compiled. Datapoints: 600
2026-08-14 21:44:12,499 [INFO] Node-SE timeline compiled. Datapoints: 600
2026-08-14 21:44:12,501 [INFO] Node-S timeline compiled. Datapoints: 600
2026-08-14 21:44:12,504 [INFO] Node-SW timeline compiled. Datapoints: 600
2026-08-14 21:44:12,506 [INFO] Node-W timeline compiled. Datapoints: 600
2026-08-14 21:44:12,509 [INFO] Node-NW timeline compiled. Datapoints: 600
2026-08-14 21:44:12,514 [INFO] Dashboard rewrite finalized. Output target flushed to: index.html
2026-08-17 21:44:12,396 [INFO] --- Launching Afternoon Ingestion Phase for 2026-08-17 ---
2026-08-17 21:44:12,397 [INFO] Extracting raw weather payload data from Open-Meteo API...
2026-08-17 21:44:13,013 [INFO] Loading stage complete! Raw payload file successfully saved to: raw_json/observed_2026-08-17.json
2026-08-17 21:44:13,013 [INFO] Connecting to cloud Neon PostgreSQL database instance to archive JSONB document...
2026-08-17 21:44:14,468 [INFO] Successfully committed complete observed JSONB document payload to cloud storage.
2026-08-17 21:44:14,468 [INFO] Pipeline Execution Success: Raw payload archived to GitHub and flat arrays committed to PostgreSQL database.
2026-08-17 21:44:14,723 [INFO] Connecting to Neon PostgreSQL production node...
2026-08-17 21:44:15,153 [INFO] Extracting raw telemetry records...
2026-08-17 21:44:15,719 [INFO] Successfully extracted 4800 source entries from Postgres.
2026-08-17 21:44:15,719 [INFO] Extracting raw observed weather payload data for 2026-08-17...
2026-08-17 21:44:15,800 [INFO] Opening analytic file store at: environmental_data.db
2026-08-17 21:44:15,811 [INFO] Initializing dimensional framework in DuckDB...
2026-08-17 21:44:15,812 [INFO] Seeding static perimeter network structural dimensions...
2026-08-17 21:44:15,863 [INFO] Sorting telemetry stream rows into distinct physical fact tables...
2026-08-17 21:44:26,689 [INFO] Fact table processing complete. Total records isolated: 4800
2026-08-17 21:44:26,690 [INFO] Processing weather reality payload and computing real shift vectors...
2026-08-17 21:44:26,690 [INFO] Observed Realities Calculated: Temp: 76.5°F | Humid: 75.4% | Wind: 273.9° (W -> Downwind: E)
2026-08-17 21:44:26,696 [INFO] Observed shift weather summary successfully committed to local analytical core.
2026-08-17 21:44:26,734 [INFO] Connecting Admin Client to Aiven cluster to clear topic 'intraday_pid_telemetry'...
2026-08-17 21:44:27,982 [INFO] Topic 'intraday_pid_telemetry' successfully dropped from cluster logs.
2026-08-17 21:44:27,982 [INFO] Waiting 5 seconds for cluster stabilization...
2026-08-17 21:44:33,316 [INFO] Topic 'intraday_pid_telemetry' successfully recreated. Topic is now completely clean!
2026-08-17 21:44:33,317 [INFO] ETL ecosystem processing cycle terminated successfully.
2026-08-17 21:44:33,430 [INFO] Starting dashboard generation cycle...
2026-08-17 21:44:33,430 [INFO] Opening unified environmental data warehouse: environmental_data.db
2026-08-17 21:44:33,450 [INFO] Node-N timeline compiled. Datapoints: 600
2026-08-17 21:44:33,452 [INFO] Node-NE timeline compiled. Datapoints: 600
2026-08-17 21:44:33,455 [INFO] Node-E timeline compiled. Datapoints: 600
2026-08-17 21:44:33,457 [INFO] Node-SE timeline compiled. Datapoints: 600
2026-08-17 21:44:33,460 [INFO] Node-S timeline compiled. Datapoints: 600
2026-08-17 21:44:33,462 [INFO] Node-SW timeline compiled. Datapoints: 600
2026-08-17 21:44:33,465 [INFO] Node-W timeline compiled. Datapoints: 600
2026-08-17 21:44:33,468 [INFO] Node-NW timeline compiled. Datapoints: 600
2026-08-17 21:44:33,473 [INFO] Dashboard rewrite finalized. Output target flushed to: index.html
2026-08-18 21:42:01,786 [INFO] --- Launching Afternoon Ingestion Phase for 2026-08-18 ---
2026-08-18 21:42:01,786 [INFO] Extracting raw weather payload data from Open-Meteo API...
2026-08-18 21:42:02,448 [INFO] Loading stage complete! Raw payload file successfully saved to: raw_json/observed_2026-08-18.json
2026-08-18 21:42:02,448 [INFO] Connecting to cloud Neon PostgreSQL database instance to archive JSONB document...
2026-08-18 21:42:03,848 [INFO] Successfully committed complete observed JSONB document payload to cloud storage.
2026-08-18 21:42:03,848 [INFO] Pipeline Execution Success: Raw payload archived to GitHub and flat arrays committed to PostgreSQL database.
2026-08-18 21:42:04,002 [INFO] Connecting to Neon PostgreSQL production node...
2026-08-18 21:42:04,414 [INFO] Extracting raw telemetry records...
2026-08-18 21:42:04,897 [INFO] Successfully extracted 4800 source entries from Postgres.
2026-08-18 21:42:04,897 [INFO] Extracting raw observed weather payload data for 2026-08-18...
2026-08-18 21:42:04,972 [INFO] Opening analytic file store at: environmental_data.db
2026-08-18 21:42:04,984 [INFO] Initializing dimensional framework in DuckDB...
2026-08-18 21:42:04,985 [INFO] Seeding static perimeter network structural dimensions...
2026-08-18 21:42:05,035 [INFO] Sorting telemetry stream rows into distinct physical fact tables...
2026-08-18 21:42:16,221 [INFO] Fact table processing complete. Total records isolated: 4800
2026-08-18 21:42:16,221 [INFO] Processing weather reality payload and computing real shift vectors...
2026-08-18 21:42:16,221 [INFO] Observed Realities Calculated: Temp: 72.7°F | Humid: 68.0% | Wind: 218.7° (SW -> Downwind: NE)
2026-08-18 21:42:16,227 [INFO] Observed shift weather summary successfully committed to local analytical core.
2026-08-18 21:42:16,264 [INFO] Connecting Admin Client to Aiven cluster to clear topic 'intraday_pid_telemetry'...
2026-08-18 21:42:17,530 [INFO] Topic 'intraday_pid_telemetry' successfully dropped from cluster logs.
2026-08-18 21:42:17,530 [INFO] Waiting 5 seconds for cluster stabilization...
2026-08-18 21:42:23,167 [INFO] Topic 'intraday_pid_telemetry' successfully recreated. Topic is now completely clean!
2026-08-18 21:42:23,168 [INFO] ETL ecosystem processing cycle terminated successfully.
2026-08-18 21:42:23,281 [INFO] Starting dashboard generation cycle...
2026-08-18 21:42:23,282 [INFO] Opening unified environmental data warehouse: environmental_data.db
2026-08-18 21:42:23,301 [INFO] Node-N timeline compiled. Datapoints: 600
2026-08-18 21:42:23,303 [INFO] Node-NE timeline compiled. Datapoints: 600
2026-08-18 21:42:23,306 [INFO] Node-E timeline compiled. Datapoints: 600
2026-08-18 21:42:23,308 [INFO] Node-SE timeline compiled. Datapoints: 600
2026-08-18 21:42:23,311 [INFO] Node-S timeline compiled. Datapoints: 600
2026-08-18 21:42:23,313 [INFO] Node-SW timeline compiled. Datapoints: 600
2026-08-18 21:42:23,316 [INFO] Node-W timeline compiled. Datapoints: 600
2026-08-18 21:42:23,318 [INFO] Node-NW timeline compiled. Datapoints: 600
2026-08-18 21:42:23,324 [INFO] Dashboard rewrite finalized. Output target flushed to: index.html
2026-08-19 21:44:37,662 [INFO] --- Launching Afternoon Ingestion Phase for 2026-08-19 ---
2026-08-19 21:44:37,662 [INFO] Extracting raw weather payload data from Open-Meteo API...
2026-08-19 21:44:38,065 [INFO] Loading stage complete! Raw payload file successfully saved to: raw_json/observed_2026-08-19.json
2026-08-19 21:44:38,066 [INFO] Connecting to cloud Neon PostgreSQL database instance to archive JSONB document...
2026-08-19 21:44:39,008 [INFO] Successfully committed complete observed JSONB document payload to cloud storage.
2026-08-19 21:44:39,008 [INFO] Pipeline Execution Success: Raw payload archived to GitHub and flat arrays committed to PostgreSQL database.
2026-08-19 21:44:39,163 [INFO] Connecting to Neon PostgreSQL production node...
2026-08-19 21:44:39,265 [INFO] Extracting raw telemetry records...
2026-08-19 21:44:39,391 [INFO] Successfully extracted 4800 source entries from Postgres.
2026-08-19 21:44:39,391 [INFO] Extracting raw observed weather payload data for 2026-08-19...
2026-08-19 21:44:39,414 [INFO] Opening analytic file store at: environmental_data.db
2026-08-19 21:44:39,425 [INFO] Initializing dimensional framework in DuckDB...
2026-08-19 21:44:39,427 [INFO] Seeding static perimeter network structural dimensions...
2026-08-19 21:44:39,476 [INFO] Sorting telemetry stream rows into distinct physical fact tables...
2026-08-19 21:44:50,591 [INFO] Fact table processing complete. Total records isolated: 4800
2026-08-19 21:44:50,591 [INFO] Processing weather reality payload and computing real shift vectors...
2026-08-19 21:44:50,591 [INFO] Observed Realities Calculated: Temp: 71.4°F | Humid: 85.6% | Wind: 217.6° (SW -> Downwind: NE)
2026-08-19 21:44:50,597 [INFO] Observed shift weather summary successfully committed to local analytical core.
2026-08-19 21:44:50,633 [INFO] Connecting Admin Client to Aiven cluster to clear topic 'intraday_pid_telemetry'...
2026-08-19 21:44:51,303 [INFO] Topic 'intraday_pid_telemetry' successfully dropped from cluster logs.
2026-08-19 21:44:51,303 [INFO] Waiting 5 seconds for cluster stabilization...
2026-08-19 21:44:56,730 [INFO] Topic 'intraday_pid_telemetry' successfully recreated. Topic is now completely clean!
2026-08-19 21:44:56,732 [INFO] ETL ecosystem processing cycle terminated successfully.
2026-08-19 21:44:56,847 [INFO] Starting dashboard generation cycle...
2026-08-19 21:44:56,847 [INFO] Opening unified environmental data warehouse: environmental_data.db
2026-08-19 21:44:56,867 [INFO] Node-N timeline compiled. Datapoints: 600
2026-08-19 21:44:56,869 [INFO] Node-NE timeline compiled. Datapoints: 600
2026-08-19 21:44:56,872 [INFO] Node-E timeline compiled. Datapoints: 600
2026-08-19 21:44:56,875 [INFO] Node-SE timeline compiled. Datapoints: 600
2026-08-19 21:44:56,877 [INFO] Node-S timeline compiled. Datapoints: 600
2026-08-19 21:44:56,880 [INFO] Node-SW timeline compiled. Datapoints: 600
2026-08-19 21:44:56,882 [INFO] Node-W timeline compiled. Datapoints: 600
2026-08-19 21:44:56,885 [INFO] Node-NW timeline compiled. Datapoints: 600
2026-08-19 21:44:56,891 [INFO] Dashboard rewrite finalized. Output target flushed to: index.html
2026-08-20 21:47:45,197 [INFO] --- Launching Afternoon Ingestion Phase for 2026-08-20 ---
2026-08-20 21:47:45,197 [INFO] Extracting raw weather payload data from Open-Meteo API...
2026-08-20 21:47:45,670 [INFO] Loading stage complete! Raw payload file successfully saved to: raw_json/observed_2026-08-20.json
2026-08-20 21:47:45,670 [INFO] Connecting to cloud Neon PostgreSQL database instance to archive JSONB document...
2026-08-20 21:47:46,587 [INFO] Successfully committed complete observed JSONB document payload to cloud storage.
2026-08-20 21:47:46,587 [INFO] Pipeline Execution Success: Raw payload archived to GitHub and flat arrays committed to PostgreSQL database.
2026-08-20 21:47:46,730 [INFO] Connecting to Neon PostgreSQL production node...
2026-08-20 21:47:46,895 [INFO] Extracting raw telemetry records...
2026-08-20 21:47:47,081 [INFO] Successfully extracted 4800 source entries from Postgres.
2026-08-20 21:47:47,081 [INFO] Extracting raw observed weather payload data for 2026-08-20...
2026-08-20 21:47:47,114 [INFO] Opening analytic file store at: environmental_data.db
2026-08-20 21:47:47,126 [INFO] Initializing dimensional framework in DuckDB...
2026-08-20 21:47:47,127 [INFO] Seeding static perimeter network structural dimensions...
2026-08-20 21:47:47,176 [INFO] Sorting telemetry stream rows into distinct physical fact tables...
2026-08-20 21:47:58,039 [INFO] Fact table processing complete. Total records isolated: 4800
2026-08-20 21:47:58,039 [INFO] Processing weather reality payload and computing real shift vectors...
2026-08-20 21:47:58,039 [INFO] Observed Realities Calculated: Temp: 69.5°F | Humid: 66.0% | Wind: 69.7° (ENE -> Downwind: WSW)
2026-08-20 21:47:58,045 [INFO] Observed shift weather summary successfully committed to local analytical core.
2026-08-20 21:47:58,084 [INFO] Connecting Admin Client to Aiven cluster to clear topic 'intraday_pid_telemetry'...
2026-08-20 21:47:58,882 [INFO] Topic 'intraday_pid_telemetry' successfully dropped from cluster logs.
2026-08-20 21:47:58,882 [INFO] Waiting 5 seconds for cluster stabilization...
2026-08-20 21:48:04,352 [INFO] Topic 'intraday_pid_telemetry' successfully recreated. Topic is now completely clean!
2026-08-20 21:48:04,353 [INFO] ETL ecosystem processing cycle terminated successfully.
2026-08-20 21:48:04,466 [INFO] Starting dashboard generation cycle...
2026-08-20 21:48:04,466 [INFO] Opening unified environmental data warehouse: environmental_data.db
2026-08-20 21:48:04,486 [INFO] Node-N timeline compiled. Datapoints: 600
2026-08-20 21:48:04,489 [INFO] Node-NE timeline compiled. Datapoints: 600
2026-08-20 21:48:04,491 [INFO] Node-E timeline compiled. Datapoints: 600
2026-08-20 21:48:04,494 [INFO] Node-SE timeline compiled. Datapoints: 600
2026-08-20 21:48:04,496 [INFO] Node-S timeline compiled. Datapoints: 600
2026-08-20 21:48:04,498 [INFO] Node-SW timeline compiled. Datapoints: 600
2026-08-20 21:48:04,501 [INFO] Node-W timeline compiled. Datapoints: 600
2026-08-20 21:48:04,503 [INFO] Node-NW timeline compiled. Datapoints: 600
2026-08-20 21:48:04,509 [INFO] Dashboard rewrite finalized. Output target flushed to: index.html
2026-08-21 21:43:01,807 [INFO] --- Launching Afternoon Ingestion Phase for 2026-08-21 ---
2026-08-21 21:43:01,807 [INFO] Extracting raw weather payload data from Open-Meteo API...
2026-08-21 21:43:02,481 [INFO] Loading stage complete! Raw payload file successfully saved to: raw_json/observed_2026-08-21.json
2026-08-21 21:43:02,481 [INFO] Connecting to cloud Neon PostgreSQL database instance to archive JSONB document...
2026-08-21 21:43:04,072 [INFO] Successfully committed complete observed JSONB document payload to cloud storage.
2026-08-21 21:43:04,072 [INFO] Pipeline Execution Success: Raw payload archived to GitHub and flat arrays committed to PostgreSQL database.
2026-08-21 21:43:04,223 [INFO] Connecting to Neon PostgreSQL production node...
2026-08-21 21:43:04,682 [INFO] Extracting raw telemetry records...
2026-08-21 21:43:05,199 [INFO] Successfully extracted 4800 source entries from Postgres.
2026-08-21 21:43:05,199 [INFO] Extracting raw observed weather payload data for 2026-08-21...
2026-08-21 21:43:05,282 [INFO] Opening analytic file store at: environmental_data.db
2026-08-21 21:43:05,293 [INFO] Initializing dimensional framework in DuckDB...
2026-08-21 21:43:05,295 [INFO] Seeding static perimeter network structural dimensions...
2026-08-21 21:43:05,344 [INFO] Sorting telemetry stream rows into distinct physical fact tables...
2026-08-21 21:43:16,882 [INFO] Fact table processing complete. Total records isolated: 4800
2026-08-21 21:43:16,882 [INFO] Processing weather reality payload and computing real shift vectors...
2026-08-21 21:43:16,882 [INFO] Observed Realities Calculated: Temp: 73.5°F | Humid: 54.3% | Wind: 162.1° (SSE -> Downwind: NNW)
2026-08-21 21:43:16,888 [INFO] Observed shift weather summary successfully committed to local analytical core.
2026-08-21 21:43:16,925 [INFO] Connecting Admin Client to Aiven cluster to clear topic 'intraday_pid_telemetry'...
2026-08-21 21:43:18,180 [INFO] Topic 'intraday_pid_telemetry' successfully dropped from cluster logs.
2026-08-21 21:43:18,180 [INFO] Waiting 5 seconds for cluster stabilization...
2026-08-21 21:43:23,516 [INFO] Topic 'intraday_pid_telemetry' successfully recreated. Topic is now completely clean!
2026-08-21 21:43:23,516 [INFO] ETL ecosystem processing cycle terminated successfully.
2026-08-21 21:43:23,637 [INFO] Starting dashboard generation cycle...
2026-08-21 21:43:23,637 [INFO] Opening unified environmental data warehouse: environmental_data.db
2026-08-21 21:43:23,656 [INFO] Node-N timeline compiled. Datapoints: 600
2026-08-21 21:43:23,659 [INFO] Node-NE timeline compiled. Datapoints: 600
2026-08-21 21:43:23,662 [INFO] Node-E timeline compiled. Datapoints: 600
2026-08-21 21:43:23,664 [INFO] Node-SE timeline compiled. Datapoints: 600
2026-08-21 21:43:23,666 [INFO] Node-S timeline compiled. Datapoints: 600
2026-08-21 21:43:23,669 [INFO] Node-SW timeline compiled. Datapoints: 600
2026-08-21 21:43:23,672 [INFO] Node-W timeline compiled. Datapoints: 600
2026-08-21 21:43:23,674 [INFO] Node-NW timeline compiled. Datapoints: 600
2026-08-21 21:43:23,680 [INFO] Dashboard rewrite finalized. Output target flushed to: index.html
2026-08-24 21:47:59,640 [INFO] --- Launching Afternoon Ingestion Phase for 2026-08-24 ---
2026-08-24 21:47:59,640 [INFO] Extracting raw weather payload data from Open-Meteo API...
2026-08-24 21:48:00,069 [INFO] Loading stage complete! Raw payload file successfully saved to: raw_json/observed_2026-08-24.json
2026-08-24 21:48:00,069 [INFO] Connecting to cloud Neon PostgreSQL database instance to archive JSONB document...
2026-08-24 21:48:00,880 [INFO] Successfully committed complete observed JSONB document payload to cloud storage.
2026-08-24 21:48:00,880 [INFO] Pipeline Execution Success: Raw payload archived to GitHub and flat arrays committed to PostgreSQL database.
2026-08-24 21:48:01,025 [INFO] Connecting to Neon PostgreSQL production node...
2026-08-24 21:48:01,122 [INFO] Extracting raw telemetry records...
2026-08-24 21:48:01,225 [INFO] Successfully extracted 4800 source entries from Postgres.
2026-08-24 21:48:01,225 [INFO] Extracting raw observed weather payload data for 2026-08-24...
2026-08-24 21:48:01,247 [INFO] Opening analytic file store at: environmental_data.db
2026-08-24 21:48:01,258 [INFO] Initializing dimensional framework in DuckDB...
2026-08-24 21:48:01,260 [INFO] Seeding static perimeter network structural dimensions...
2026-08-24 21:48:01,310 [INFO] Sorting telemetry stream rows into distinct physical fact tables...
2026-08-24 21:48:11,888 [INFO] Fact table processing complete. Total records isolated: 4800
2026-08-24 21:48:11,888 [INFO] Processing weather reality payload and computing real shift vectors...
2026-08-24 21:48:11,888 [INFO] Observed Realities Calculated: Temp: 63.7°F | Humid: 82.4% | Wind: 246.8° (WSW -> Downwind: ENE)
2026-08-24 21:48:11,894 [INFO] Observed shift weather summary successfully committed to local analytical core.
2026-08-24 21:48:11,931 [INFO] Connecting Admin Client to Aiven cluster to clear topic 'intraday_pid_telemetry'...
2026-08-24 21:48:12,604 [INFO] Topic 'intraday_pid_telemetry' successfully dropped from cluster logs.
2026-08-24 21:48:12,604 [INFO] Waiting 5 seconds for cluster stabilization...
2026-08-24 21:48:18,013 [INFO] Topic 'intraday_pid_telemetry' successfully recreated. Topic is now completely clean!
2026-08-24 21:48:18,014 [INFO] ETL ecosystem processing cycle terminated successfully.
2026-08-24 21:48:18,127 [INFO] Starting dashboard generation cycle...
2026-08-24 21:48:18,127 [INFO] Opening unified environmental data warehouse: environmental_data.db
2026-08-24 21:48:18,147 [INFO] Node-N timeline compiled. Datapoints: 600
2026-08-24 21:48:18,149 [INFO] Node-NE timeline compiled. Datapoints: 600
2026-08-24 21:48:18,152 [INFO] Node-E timeline compiled. Datapoints: 600
2026-08-24 21:48:18,154 [INFO] Node-SE timeline compiled. Datapoints: 600
2026-08-24 21:48:18,157 [INFO] Node-S timeline compiled. Datapoints: 600
2026-08-24 21:48:18,159 [INFO] Node-SW timeline compiled. Datapoints: 600
2026-08-24 21:48:18,162 [INFO] Node-W timeline compiled. Datapoints: 600
2026-08-24 21:48:18,164 [INFO] Node-NW timeline compiled. Datapoints: 600
2026-08-24 21:48:18,170 [INFO] Dashboard rewrite finalized. Output target flushed to: index.html
