2026-05-25 23:41:50,459 [INFO] Connecting to a secure cloud-managed Aiven Kafka instance...
2026-05-25 23:41:51,164 [INFO] Meteorological context sync: Wind blowing towards downwind sector NE (215° raw input).
2026-05-25 23:41:51,166 [INFO] Simulating telemetry window: 17:41:51 to 19:41:51
2026-05-25 23:41:51,168 [INFO] --- [PLUME TRANSIENT INTERCEPT] Vapor breakthrough simulated heading downwind towards NE ---
2026-05-25 23:41:51,171 [INFO] --- [PLUME TRANSIENT RESOLVED] Vapor concentrations returned to environmental baseline. ---
2026-05-25 23:41:51,172 [INFO] --- [PLUME TRANSIENT INTERCEPT] Vapor breakthrough simulated heading downwind towards NE ---
2026-05-25 23:41:51,174 [INFO] --- [PLUME TRANSIENT RESOLVED] Vapor concentrations returned to environmental baseline. ---
2026-05-25 23:41:51,175 [INFO] --- [PLUME TRANSIENT INTERCEPT] Vapor breakthrough simulated heading downwind towards NE ---
2026-05-25 23:41:51,177 [INFO] All 120 telemetry intervals successfully calculated and buffered.
2026-05-25 23:41:51,177 [INFO] Flushing full historical payload burst to Aiven cloud broker...
2026-05-25 23:41:52,210 [INFO] Data injection phase complete. Producer context offline.
2026-05-26 13:54:10,806 [INFO] Connecting to a secure cloud-managed Aiven Kafka instance...
2026-05-26 13:54:16,921 [ERROR] Failed to fetch downwind target zone via API. Falling back to default baseline: 502 Server Error: Bad Gateway for url: https://api.open-meteo.com/v1/forecast?latitude=42.8864&longitude=-78.8784&hourly=wind_direction_10m&forecast_days=1&timezone=auto
2026-05-26 13:54:16,927 [INFO] Simulating telemetry window: 07:54:16 to 09:54:16
2026-05-26 13:54:16,929 [INFO] --- [PLUME TRANSIENT INTERCEPT] Vapor breakthrough simulated heading downwind towards NE ---
2026-05-26 13:54:16,931 [INFO] --- [PLUME TRANSIENT RESOLVED] Vapor concentrations returned to environmental baseline. ---
2026-05-26 13:54:16,932 [INFO] --- [PLUME TRANSIENT INTERCEPT] Vapor breakthrough simulated heading downwind towards NE ---
2026-05-26 13:54:16,933 [INFO] --- [PLUME TRANSIENT RESOLVED] Vapor concentrations returned to environmental baseline. ---
2026-05-26 13:54:16,934 [INFO] --- [PLUME TRANSIENT INTERCEPT] Vapor breakthrough simulated heading downwind towards NE ---
2026-05-26 13:54:16,936 [INFO] --- [PLUME TRANSIENT RESOLVED] Vapor concentrations returned to environmental baseline. ---
2026-05-26 13:54:16,938 [INFO] --- [PLUME TRANSIENT INTERCEPT] Vapor breakthrough simulated heading downwind towards NE ---
2026-05-26 13:54:16,939 [INFO] All 120 telemetry intervals successfully calculated and buffered.
2026-05-26 13:54:16,939 [INFO] Flushing full historical payload burst to Aiven cloud broker...
2026-05-26 13:54:18,364 [INFO] Data injection phase complete. Producer context offline.
2026-05-26 16:35:16,815 [INFO] Connecting to a secure cloud-managed Aiven Kafka instance...
2026-05-26 16:35:17,541 [INFO] Meteorological context sync: Wind blowing towards downwind sector NE (234° raw input).
2026-05-26 16:35:17,543 [INFO] Simulating telemetry window: 10:35:17 to 12:35:17
2026-05-26 16:35:17,549 [INFO] --- [PLUME TRANSIENT INTERCEPT] Vapor breakthrough simulated heading downwind towards NE ---
2026-05-26 16:35:17,551 [INFO] --- [PLUME TRANSIENT RESOLVED] Vapor concentrations returned to environmental baseline. ---
2026-05-26 16:35:17,551 [INFO] --- [PLUME TRANSIENT INTERCEPT] Vapor breakthrough simulated heading downwind towards NE ---
2026-05-26 16:35:17,553 [INFO] --- [PLUME TRANSIENT RESOLVED] Vapor concentrations returned to environmental baseline. ---
2026-05-26 16:35:17,554 [INFO] All 120 telemetry intervals successfully calculated and buffered.
2026-05-26 16:35:17,554 [INFO] Flushing full historical payload burst to Aiven cloud broker...
2026-05-26 16:35:18,616 [INFO] Data injection phase complete. Producer context offline.
2026-05-26 19:12:23,568 [INFO] Connecting to a secure cloud-managed Aiven Kafka instance...
2026-05-26 19:12:24,259 [INFO] Meteorological context sync: Wind blowing towards downwind sector NE (213° raw input).
2026-05-26 19:12:24,265 [INFO] Simulating telemetry window: 13:12:24 to 15:12:24
2026-05-26 19:12:24,265 [INFO] --- [PLUME TRANSIENT INTERCEPT] Vapor breakthrough simulated heading downwind towards NE ---
2026-05-26 19:12:24,267 [INFO] --- [PLUME TRANSIENT RESOLVED] Vapor concentrations returned to environmental baseline. ---
2026-05-26 19:12:24,270 [INFO] --- [PLUME TRANSIENT INTERCEPT] Vapor breakthrough simulated heading downwind towards NE ---
2026-05-26 19:12:24,272 [INFO] --- [PLUME TRANSIENT RESOLVED] Vapor concentrations returned to environmental baseline. ---
2026-05-26 19:12:24,273 [INFO] All 120 telemetry intervals successfully calculated and buffered.
2026-05-26 19:12:24,273 [INFO] Flushing full historical payload burst to Aiven cloud broker...
2026-05-26 19:12:25,255 [INFO] Data injection phase complete. Producer context offline.
2026-05-26 22:14:22,885 [INFO] Connecting to a secure cloud-managed Aiven Kafka instance...
2026-05-26 22:14:23,530 [INFO] Meteorological context sync: Wind blowing towards downwind sector NE (223° raw input).
2026-05-26 22:14:23,532 [INFO] Simulating telemetry window: 16:14:23 to 18:14:23
2026-05-26 22:14:23,533 [INFO] --- [PLUME TRANSIENT INTERCEPT] Vapor breakthrough simulated heading downwind towards NE ---
2026-05-26 22:14:23,536 [INFO] --- [PLUME TRANSIENT RESOLVED] Vapor concentrations returned to environmental baseline. ---
2026-05-26 22:14:23,537 [INFO] --- [PLUME TRANSIENT INTERCEPT] Vapor breakthrough simulated heading downwind towards NE ---
2026-05-26 22:14:23,540 [INFO] --- [PLUME TRANSIENT RESOLVED] Vapor concentrations returned to environmental baseline. ---
2026-05-26 22:14:23,543 [INFO] All 120 telemetry intervals successfully calculated and buffered.
2026-05-26 22:14:23,543 [INFO] Flushing full historical payload burst to Aiven cloud broker...
2026-05-26 22:14:24,603 [INFO] Data injection phase complete. Producer context offline.
2026-05-27 16:30:54,697 [INFO] Connecting to a secure cloud-managed Aiven Kafka instance...
2026-05-27 16:30:55,102 [INFO] Meteorological context sync: Wind blowing towards downwind sector NE (224° raw input).
2026-05-27 16:30:55,107 [INFO] Simulating telemetry window: 10:30:55 to 12:30:55
2026-05-27 16:30:55,110 [INFO] --- [PLUME TRANSIENT INTERCEPT] Vapor breakthrough simulated heading downwind towards NE ---
2026-05-27 16:30:55,112 [INFO] --- [PLUME TRANSIENT RESOLVED] Vapor concentrations returned to environmental baseline. ---
2026-05-27 16:30:55,113 [INFO] --- [PLUME TRANSIENT INTERCEPT] Vapor breakthrough simulated heading downwind towards NE ---
2026-05-27 16:30:55,115 [INFO] --- [PLUME TRANSIENT RESOLVED] Vapor concentrations returned to environmental baseline. ---
2026-05-27 16:30:55,117 [INFO] All 120 telemetry intervals successfully calculated and buffered.
2026-05-27 16:30:55,117 [INFO] Flushing full historical payload burst to Aiven cloud broker...
2026-05-27 16:30:55,864 [INFO] Data injection phase complete. Producer context offline.
2026-05-27 19:11:55,360 [INFO] Connecting to a secure cloud-managed Aiven Kafka instance...
2026-05-27 19:11:55,767 [INFO] Meteorological context sync: Wind blowing towards downwind sector NE (230° raw input).
2026-05-27 19:11:55,787 [INFO] Simulating telemetry window: 13:11:55 to 15:11:55
2026-05-27 19:11:55,789 [INFO] --- [PLUME TRANSIENT INTERCEPT] Vapor breakthrough simulated heading downwind towards NE ---
2026-05-27 19:11:55,791 [INFO] --- [PLUME TRANSIENT RESOLVED] Vapor concentrations returned to environmental baseline. ---
2026-05-27 19:11:55,792 [INFO] --- [PLUME TRANSIENT INTERCEPT] Vapor breakthrough simulated heading downwind towards NE ---
2026-05-27 19:11:55,793 [INFO] --- [PLUME TRANSIENT RESOLVED] Vapor concentrations returned to environmental baseline. ---
2026-05-27 19:11:55,796 [INFO] --- [PLUME TRANSIENT INTERCEPT] Vapor breakthrough simulated heading downwind towards NE ---
2026-05-27 19:11:55,797 [INFO] All 120 telemetry intervals successfully calculated and buffered.
2026-05-27 19:11:55,797 [INFO] Flushing full historical payload burst to Aiven cloud broker...
2026-05-27 19:11:56,501 [INFO] Data injection phase complete. Producer context offline.
2026-05-27 22:24:15,369 [INFO] Connecting to a secure cloud-managed Aiven Kafka instance...
2026-05-27 22:24:15,790 [INFO] Meteorological context sync: Wind blowing towards downwind sector SE (329° raw input).
2026-05-27 22:24:15,811 [INFO] Simulating telemetry window: 16:24:15 to 18:24:15
2026-05-27 22:24:15,811 [INFO] --- [PLUME TRANSIENT INTERCEPT] Vapor breakthrough simulated heading downwind towards SE ---
2026-05-27 22:24:15,813 [INFO] --- [PLUME TRANSIENT RESOLVED] Vapor concentrations returned to environmental baseline. ---
2026-05-27 22:24:15,815 [INFO] --- [PLUME TRANSIENT INTERCEPT] Vapor breakthrough simulated heading downwind towards SE ---
2026-05-27 22:24:15,817 [INFO] --- [PLUME TRANSIENT RESOLVED] Vapor concentrations returned to environmental baseline. ---
2026-05-27 22:24:15,821 [INFO] All 120 telemetry intervals successfully calculated and buffered.
2026-05-27 22:24:15,821 [INFO] Flushing full historical payload burst to Aiven cloud broker...
2026-05-27 22:24:16,512 [INFO] Data injection phase complete. Producer context offline.
2026-05-28 16:46:23,932 [INFO] Connecting to a secure cloud-managed Aiven Kafka instance...
2026-05-28 16:46:24,588 [INFO] Meteorological context sync: Wind blowing towards downwind sector S (352° raw input).
2026-05-28 16:46:24,590 [INFO] Simulating telemetry window: 10:46:24 to 12:46:24
2026-05-28 16:46:24,591 [INFO] --- [PLUME TRANSIENT INTERCEPT] Vapor breakthrough simulated heading downwind towards S ---
2026-05-28 16:46:24,595 [INFO] --- [PLUME TRANSIENT RESOLVED] Vapor concentrations returned to environmental baseline. ---
2026-05-28 16:46:24,596 [INFO] --- [PLUME TRANSIENT INTERCEPT] Vapor breakthrough simulated heading downwind towards S ---
2026-05-28 16:46:24,601 [INFO] --- [PLUME TRANSIENT RESOLVED] Vapor concentrations returned to environmental baseline. ---
2026-05-28 16:46:24,606 [INFO] All 120 telemetry intervals successfully calculated and buffered.
2026-05-28 16:46:24,606 [INFO] Flushing full historical payload burst to Aiven cloud broker...
2026-05-28 16:46:25,828 [INFO] Data injection phase complete. Producer context offline.
2026-05-28 19:31:51,798 [INFO] Connecting to a secure cloud-managed Aiven Kafka instance...
2026-05-28 19:31:52,228 [INFO] Meteorological context sync: Wind blowing towards downwind sector S (357° raw input).
2026-05-28 19:31:52,235 [INFO] Simulating telemetry window: 13:31:52 to 15:31:52
2026-05-28 19:31:52,238 [INFO] --- [PLUME TRANSIENT INTERCEPT] Vapor breakthrough simulated heading downwind towards S ---
2026-05-28 19:31:52,240 [INFO] --- [PLUME TRANSIENT RESOLVED] Vapor concentrations returned to environmental baseline. ---
2026-05-28 19:31:52,240 [INFO] --- [PLUME TRANSIENT INTERCEPT] Vapor breakthrough simulated heading downwind towards S ---
2026-05-28 19:31:52,243 [INFO] --- [PLUME TRANSIENT RESOLVED] Vapor concentrations returned to environmental baseline. ---
2026-05-28 19:31:52,245 [INFO] --- [PLUME TRANSIENT INTERCEPT] Vapor breakthrough simulated heading downwind towards S ---
2026-05-28 19:31:52,246 [INFO] All 120 telemetry intervals successfully calculated and buffered.
2026-05-28 19:31:52,246 [INFO] Flushing full historical payload burst to Aiven cloud broker...
2026-05-28 19:31:52,927 [INFO] Data injection phase complete. Producer context offline.
2026-05-28 22:24:48,178 [INFO] Connecting to a secure cloud-managed Aiven Kafka instance...
2026-05-28 22:24:48,814 [INFO] Meteorological context sync: Wind blowing towards downwind sector E (266° raw input).
2026-05-28 22:24:48,820 [INFO] Simulating telemetry window: 16:24:48 to 18:24:48
2026-05-28 22:24:48,821 [INFO] --- [PLUME TRANSIENT INTERCEPT] Vapor breakthrough simulated heading downwind towards E ---
2026-05-28 22:24:48,823 [INFO] --- [PLUME TRANSIENT RESOLVED] Vapor concentrations returned to environmental baseline. ---
2026-05-28 22:24:48,826 [INFO] --- [PLUME TRANSIENT INTERCEPT] Vapor breakthrough simulated heading downwind towards E ---
2026-05-28 22:24:48,827 [INFO] --- [PLUME TRANSIENT RESOLVED] Vapor concentrations returned to environmental baseline. ---
2026-05-28 22:24:48,829 [INFO] All 120 telemetry intervals successfully calculated and buffered.
2026-05-28 22:24:48,829 [INFO] Flushing full historical payload burst to Aiven cloud broker...
2026-05-28 22:24:49,901 [INFO] Data injection phase complete. Producer context offline.
2026-05-29 16:44:34,770 [INFO] Connecting to a secure cloud-managed Aiven Kafka instance...
2026-05-29 16:44:35,335 [INFO] Meteorological context sync: Wind blowing towards downwind sector NE (229° raw input).
2026-05-29 16:44:35,337 [INFO] Simulating telemetry window: 10:44:35 to 12:44:35
2026-05-29 16:44:35,341 [INFO] --- [PLUME TRANSIENT INTERCEPT] Vapor breakthrough simulated heading downwind towards NE ---
2026-05-29 16:44:35,343 [INFO] --- [PLUME TRANSIENT RESOLVED] Vapor concentrations returned to environmental baseline. ---
2026-05-29 16:44:35,346 [INFO] --- [PLUME TRANSIENT INTERCEPT] Vapor breakthrough simulated heading downwind towards NE ---
2026-05-29 16:44:35,348 [INFO] All 120 telemetry intervals successfully calculated and buffered.
2026-05-29 16:44:35,348 [INFO] Flushing full historical payload burst to Aiven cloud broker...
2026-05-29 16:44:36,516 [INFO] Data injection phase complete. Producer context offline.
2026-05-29 19:24:53,307 [INFO] Connecting to a secure cloud-managed Aiven Kafka instance...
2026-05-29 19:24:53,715 [INFO] Meteorological context sync: Wind blowing towards downwind sector NE (239° raw input).
2026-05-29 19:24:53,717 [INFO] Simulating telemetry window: 13:24:53 to 15:24:53
2026-05-29 19:24:53,722 [INFO] --- [PLUME TRANSIENT INTERCEPT] Vapor breakthrough simulated heading downwind towards NE ---
2026-05-29 19:24:53,724 [INFO] --- [PLUME TRANSIENT RESOLVED] Vapor concentrations returned to environmental baseline. ---
2026-05-29 19:24:53,726 [INFO] --- [PLUME TRANSIENT INTERCEPT] Vapor breakthrough simulated heading downwind towards NE ---
2026-05-29 19:24:53,728 [INFO] All 120 telemetry intervals successfully calculated and buffered.
2026-05-29 19:24:53,728 [INFO] Flushing full historical payload burst to Aiven cloud broker...
2026-05-29 19:24:54,575 [INFO] Data injection phase complete. Producer context offline.
2026-05-29 22:23:04,966 [INFO] Connecting to a secure cloud-managed Aiven Kafka instance...
2026-05-29 22:23:05,628 [INFO] Meteorological context sync: Wind blowing towards downwind sector SE (327° raw input).
2026-05-29 22:23:05,634 [INFO] Simulating telemetry window: 16:23:05 to 18:23:05
2026-05-29 22:23:05,637 [INFO] --- [PLUME TRANSIENT INTERCEPT] Vapor breakthrough simulated heading downwind towards SE ---
2026-05-29 22:23:05,639 [INFO] --- [PLUME TRANSIENT RESOLVED] Vapor concentrations returned to environmental baseline. ---
2026-05-29 22:23:05,643 [INFO] --- [PLUME TRANSIENT INTERCEPT] Vapor breakthrough simulated heading downwind towards SE ---
2026-05-29 22:23:05,644 [INFO] All 120 telemetry intervals successfully calculated and buffered.
2026-05-29 22:23:05,644 [INFO] Flushing full historical payload burst to Aiven cloud broker...
2026-05-29 22:23:06,979 [INFO] Data injection phase complete. Producer context offline.
2026-06-01 18:32:33,873 [INFO] Connecting to a secure cloud-managed Aiven Kafka instance...
2026-06-01 18:32:34,273 [INFO] Meteorological context sync: Wind blowing towards downwind sector SW (38° raw input).
2026-06-01 18:32:34,280 [INFO] Simulating telemetry window: 12:32:34 to 14:32:34
2026-06-01 18:32:34,280 [INFO] --- [PLUME TRANSIENT INTERCEPT] Vapor breakthrough simulated heading downwind towards SW ---
2026-06-01 18:32:34,281 [INFO] --- [PLUME TRANSIENT RESOLVED] Vapor concentrations returned to environmental baseline. ---
2026-06-01 18:32:34,282 [INFO] --- [PLUME TRANSIENT INTERCEPT] Vapor breakthrough simulated heading downwind towards SW ---
2026-06-01 18:32:34,285 [INFO] --- [PLUME TRANSIENT RESOLVED] Vapor concentrations returned to environmental baseline. ---
2026-06-01 18:32:34,290 [INFO] All 120 telemetry intervals successfully calculated and buffered.
2026-06-01 18:32:34,290 [INFO] Flushing full historical payload burst to Aiven cloud broker...
2026-06-01 18:32:35,415 [INFO] Data injection phase complete. Producer context offline.
2026-06-01 21:56:32,806 [INFO] Connecting to a secure cloud-managed Aiven Kafka instance...
2026-06-01 21:56:33,297 [INFO] Meteorological context sync: Wind blowing towards downwind sector SW (49° raw input).
2026-06-01 21:56:33,302 [INFO] Simulating telemetry window: 15:56:33 to 17:56:33
2026-06-01 21:56:33,304 [INFO] --- [PLUME TRANSIENT INTERCEPT] Vapor breakthrough simulated heading downwind towards SW ---
2026-06-01 21:56:33,306 [INFO] --- [PLUME TRANSIENT RESOLVED] Vapor concentrations returned to environmental baseline. ---
2026-06-01 21:56:33,311 [INFO] All 120 telemetry intervals successfully calculated and buffered.
2026-06-01 21:56:33,311 [INFO] Flushing full historical payload burst to Aiven cloud broker...
2026-06-01 21:56:34,247 [INFO] Data injection phase complete. Producer context offline.
2026-06-02 17:13:06,075 [INFO] Connecting to a secure cloud-managed Aiven Kafka instance...
2026-06-02 17:13:06,507 [INFO] Meteorological context sync: Wind blowing towards downwind sector SE (339° raw input).
2026-06-02 17:13:06,509 [INFO] Simulating telemetry window: 11:13:06 to 13:13:06
2026-06-02 17:13:06,510 [INFO] --- [PLUME TRANSIENT INTERCEPT] Vapor breakthrough simulated heading downwind towards SE ---
2026-06-02 17:13:06,513 [INFO] --- [PLUME TRANSIENT RESOLVED] Vapor concentrations returned to environmental baseline. ---
2026-06-02 17:13:06,514 [INFO] --- [PLUME TRANSIENT INTERCEPT] Vapor breakthrough simulated heading downwind towards SE ---
2026-06-02 17:13:06,515 [INFO] --- [PLUME TRANSIENT RESOLVED] Vapor concentrations returned to environmental baseline. ---
2026-06-02 17:13:06,516 [INFO] --- [PLUME TRANSIENT INTERCEPT] Vapor breakthrough simulated heading downwind towards SE ---
2026-06-02 17:13:06,518 [INFO] --- [PLUME TRANSIENT RESOLVED] Vapor concentrations returned to environmental baseline. ---
2026-06-02 17:13:06,518 [INFO] --- [PLUME TRANSIENT INTERCEPT] Vapor breakthrough simulated heading downwind towards SE ---
2026-06-02 17:13:06,519 [INFO] All 120 telemetry intervals successfully calculated and buffered.
2026-06-02 17:13:06,519 [INFO] Flushing full historical payload burst to Aiven cloud broker...
2026-06-02 17:13:07,078 [INFO] Data injection phase complete. Producer context offline.
2026-06-02 21:39:09,328 [INFO] Connecting to a secure cloud-managed Aiven Kafka instance...
2026-06-02 21:39:09,829 [INFO] Meteorological context sync: Wind blowing towards downwind sector NE (247° raw input).
2026-06-02 21:39:09,831 [INFO] Simulating telemetry window: 15:39:09 to 17:39:09
2026-06-02 21:39:09,832 [INFO] --- [PLUME TRANSIENT INTERCEPT] Vapor breakthrough simulated heading downwind towards NE ---
2026-06-02 21:39:09,834 [INFO] --- [PLUME TRANSIENT RESOLVED] Vapor concentrations returned to environmental baseline. ---
2026-06-02 21:39:09,838 [INFO] --- [PLUME TRANSIENT INTERCEPT] Vapor breakthrough simulated heading downwind towards NE ---
2026-06-02 21:39:09,840 [INFO] All 120 telemetry intervals successfully calculated and buffered.
2026-06-02 21:39:09,840 [INFO] Flushing full historical payload burst to Aiven cloud broker...
2026-06-02 21:39:10,627 [INFO] Data injection phase complete. Producer context offline.
2026-06-03 13:21:35,103 [INFO] Connecting to a secure cloud-managed Aiven Kafka instance...
2026-06-03 13:21:35,763 [INFO] Meteorological context sync: Wind blowing towards downwind sector NE (219° raw input).
2026-06-03 13:21:35,768 [INFO] Simulating telemetry window: 07:21:35 to 09:21:35
2026-06-03 13:21:35,771 [INFO] --- [PLUME TRANSIENT INTERCEPT] Vapor breakthrough simulated heading downwind towards NE ---
2026-06-03 13:21:35,773 [INFO] --- [PLUME TRANSIENT RESOLVED] Vapor concentrations returned to environmental baseline. ---
2026-06-03 13:21:35,778 [INFO] --- [PLUME TRANSIENT INTERCEPT] Vapor breakthrough simulated heading downwind towards NE ---
2026-06-03 13:21:35,779 [INFO] All 120 telemetry intervals successfully calculated and buffered.
2026-06-03 13:21:35,779 [INFO] Flushing full historical payload burst to Aiven cloud broker...
2026-06-03 13:21:36,807 [INFO] Data injection phase complete. Producer context offline.
2026-06-03 18:50:38,286 [INFO] Connecting to a secure cloud-managed Aiven Kafka instance...
2026-06-03 18:50:38,913 [INFO] Meteorological context sync: Wind blowing towards downwind sector NE (231° raw input).
2026-06-03 18:50:38,921 [INFO] Simulating telemetry window: 12:50:38 to 14:50:38
2026-06-03 18:50:38,930 [INFO] --- [PLUME TRANSIENT INTERCEPT] Vapor breakthrough simulated heading downwind towards NE ---
2026-06-03 18:50:38,930 [INFO] All 120 telemetry intervals successfully calculated and buffered.
2026-06-03 18:50:38,930 [INFO] Flushing full historical payload burst to Aiven cloud broker...
2026-06-03 18:50:40,039 [INFO] Data injection phase complete. Producer context offline.
2026-06-04 12:05:00,193 [INFO] Connecting to a secure cloud-managed Aiven Kafka instance...
2026-06-04 12:05:00,619 [ERROR] Failed to fetch downwind target zone via API. Falling back to default baseline: 502 Server Error: Bad Gateway for url: https://api.open-meteo.com/v1/forecast?latitude=42.8864&longitude=-78.8784&hourly=wind_direction_10m&forecast_days=1&timezone=auto
2026-06-04 12:05:00,621 [INFO] Simulating telemetry window: 06:05:00 to 08:05:00
2026-06-04 12:05:00,624 [INFO] --- [PLUME TRANSIENT INTERCEPT] Vapor breakthrough simulated heading downwind towards NE ---
2026-06-04 12:05:00,626 [INFO] --- [PLUME TRANSIENT RESOLVED] Vapor concentrations returned to environmental baseline. ---
2026-06-04 12:05:00,630 [INFO] All 120 telemetry intervals successfully calculated and buffered.
2026-06-04 12:05:00,631 [INFO] Flushing full historical payload burst to Aiven cloud broker...
2026-06-04 12:05:02,398 [INFO] Data injection phase complete. Producer context offline.
2026-06-04 16:22:35,472 [INFO] Connecting to a secure cloud-managed Aiven Kafka instance...
2026-06-04 16:22:35,891 [INFO] Meteorological context sync: Wind blowing towards downwind sector NE (236° raw input).
2026-06-04 16:22:35,892 [INFO] Simulating telemetry window: 10:22:35 to 12:22:35
2026-06-04 16:22:35,896 [INFO] --- [PLUME TRANSIENT INTERCEPT] Vapor breakthrough simulated heading downwind towards NE ---
2026-06-04 16:22:35,897 [INFO] --- [PLUME TRANSIENT RESOLVED] Vapor concentrations returned to environmental baseline. ---
2026-06-04 16:22:35,898 [INFO] --- [PLUME TRANSIENT INTERCEPT] Vapor breakthrough simulated heading downwind towards NE ---
2026-06-04 16:22:35,899 [INFO] --- [PLUME TRANSIENT RESOLVED] Vapor concentrations returned to environmental baseline. ---
2026-06-04 16:22:35,902 [INFO] All 120 telemetry intervals successfully calculated and buffered.
2026-06-04 16:22:35,902 [INFO] Flushing full historical payload burst to Aiven cloud broker...
2026-06-04 16:22:36,690 [INFO] Data injection phase complete. Producer context offline.
2026-06-04 19:25:36,640 [INFO] Connecting to a secure cloud-managed Aiven Kafka instance...
2026-06-04 19:25:37,050 [INFO] Meteorological context sync: Wind blowing towards downwind sector NE (217° raw input).
2026-06-04 19:25:37,057 [INFO] Simulating telemetry window: 13:25:37 to 15:25:37
2026-06-04 19:25:37,059 [INFO] --- [PLUME TRANSIENT INTERCEPT] Vapor breakthrough simulated heading downwind towards NE ---
2026-06-04 19:25:37,061 [INFO] --- [PLUME TRANSIENT RESOLVED] Vapor concentrations returned to environmental baseline. ---
2026-06-04 19:25:37,065 [INFO] --- [PLUME TRANSIENT INTERCEPT] Vapor breakthrough simulated heading downwind towards NE ---
2026-06-04 19:25:37,067 [INFO] --- [PLUME TRANSIENT RESOLVED] Vapor concentrations returned to environmental baseline. ---
2026-06-04 19:25:37,067 [INFO] All 120 telemetry intervals successfully calculated and buffered.
2026-06-04 19:25:37,067 [INFO] Flushing full historical payload burst to Aiven cloud broker...
2026-06-04 19:25:37,806 [INFO] Data injection phase complete. Producer context offline.
2026-06-05 12:13:08,663 [INFO] Connecting to a secure cloud-managed Aiven Kafka instance...
2026-06-05 12:13:09,299 [INFO] Meteorological context sync: Wind blowing towards downwind sector NE (230° raw input).
2026-06-05 12:13:09,310 [INFO] Simulating telemetry window: 06:13:09 to 08:13:09
2026-06-05 12:13:09,311 [INFO] --- [PLUME TRANSIENT INTERCEPT] Vapor breakthrough simulated heading downwind towards NE ---
2026-06-05 12:13:09,314 [INFO] --- [PLUME TRANSIENT RESOLVED] Vapor concentrations returned to environmental baseline. ---
2026-06-05 12:13:09,315 [INFO] --- [PLUME TRANSIENT INTERCEPT] Vapor breakthrough simulated heading downwind towards NE ---
2026-06-05 12:13:09,319 [INFO] --- [PLUME TRANSIENT RESOLVED] Vapor concentrations returned to environmental baseline. ---
2026-06-05 12:13:09,321 [INFO] All 120 telemetry intervals successfully calculated and buffered.
2026-06-05 12:13:09,321 [INFO] Flushing full historical payload burst to Aiven cloud broker...
2026-06-05 12:13:10,523 [INFO] Data injection phase complete. Producer context offline.
2026-06-05 15:59:46,689 [INFO] Connecting to a secure cloud-managed Aiven Kafka instance...
2026-06-05 15:59:47,329 [INFO] Meteorological context sync: Wind blowing towards downwind sector NE (241° raw input).
2026-06-05 15:59:47,331 [INFO] Simulating telemetry window: 09:59:47 to 11:59:47
2026-06-05 15:59:47,331 [INFO] --- [PLUME TRANSIENT INTERCEPT] Vapor breakthrough simulated heading downwind towards NE ---
2026-06-05 15:59:47,333 [INFO] --- [PLUME TRANSIENT RESOLVED] Vapor concentrations returned to environmental baseline. ---
2026-06-05 15:59:47,334 [INFO] --- [PLUME TRANSIENT INTERCEPT] Vapor breakthrough simulated heading downwind towards NE ---
2026-06-05 15:59:47,335 [INFO] --- [PLUME TRANSIENT RESOLVED] Vapor concentrations returned to environmental baseline. ---
2026-06-05 15:59:47,338 [INFO] --- [PLUME TRANSIENT INTERCEPT] Vapor breakthrough simulated heading downwind towards NE ---
2026-06-05 15:59:47,340 [INFO] --- [PLUME TRANSIENT RESOLVED] Vapor concentrations returned to environmental baseline. ---
2026-06-05 15:59:47,341 [INFO] All 120 telemetry intervals successfully calculated and buffered.
2026-06-05 15:59:47,341 [INFO] Flushing full historical payload burst to Aiven cloud broker...
2026-06-05 15:59:48,338 [INFO] Data injection phase complete. Producer context offline.
2026-06-05 18:59:43,828 [INFO] Connecting to a secure cloud-managed Aiven Kafka instance...
2026-06-05 18:59:44,308 [INFO] Meteorological context sync: Wind blowing towards downwind sector NE (227° raw input).
2026-06-05 18:59:44,314 [INFO] Simulating telemetry window: 12:59:44 to 14:59:44
2026-06-05 18:59:44,314 [INFO] --- [PLUME TRANSIENT INTERCEPT] Vapor breakthrough simulated heading downwind towards NE ---
2026-06-05 18:59:44,317 [INFO] --- [PLUME TRANSIENT RESOLVED] Vapor concentrations returned to environmental baseline. ---
2026-06-05 18:59:44,323 [INFO] All 120 telemetry intervals successfully calculated and buffered.
2026-06-05 18:59:44,323 [INFO] Flushing full historical payload burst to Aiven cloud broker...
2026-06-05 18:59:44,995 [INFO] Data injection phase complete. Producer context offline.
2026-06-08 13:11:38,595 [INFO] Connecting to a secure cloud-managed Aiven Kafka instance...
2026-06-08 13:11:39,240 [INFO] Meteorological context sync: Wind blowing towards downwind sector NE (198° raw input).
2026-06-08 13:11:39,242 [INFO] Simulating telemetry window: 07:11:39 to 09:11:39
2026-06-08 13:11:39,242 [INFO] --- [PLUME TRANSIENT INTERCEPT] Vapor breakthrough simulated heading downwind towards NE ---
2026-06-08 13:11:39,244 [INFO] --- [PLUME TRANSIENT RESOLVED] Vapor concentrations returned to environmental baseline. ---
2026-06-08 13:11:39,245 [INFO] --- [PLUME TRANSIENT INTERCEPT] Vapor breakthrough simulated heading downwind towards NE ---
2026-06-08 13:11:39,246 [INFO] --- [PLUME TRANSIENT RESOLVED] Vapor concentrations returned to environmental baseline. ---
2026-06-08 13:11:39,250 [INFO] All 120 telemetry intervals successfully calculated and buffered.
2026-06-08 13:11:39,250 [INFO] Flushing full historical payload burst to Aiven cloud broker...
2026-06-08 13:11:40,570 [INFO] Data injection phase complete. Producer context offline.
2026-06-08 17:59:46,839 [INFO] Connecting to a secure cloud-managed Aiven Kafka instance...
2026-06-08 17:59:47,239 [INFO] Meteorological context sync: Wind blowing towards downwind sector E (276° raw input).
2026-06-08 17:59:47,247 [INFO] Simulating telemetry window: 11:59:47 to 13:59:47
2026-06-08 17:59:47,248 [INFO] --- [PLUME TRANSIENT INTERCEPT] Vapor breakthrough simulated heading downwind towards E ---
2026-06-08 17:59:47,250 [INFO] --- [PLUME TRANSIENT RESOLVED] Vapor concentrations returned to environmental baseline. ---
2026-06-08 17:59:47,254 [INFO] --- [PLUME TRANSIENT INTERCEPT] Vapor breakthrough simulated heading downwind towards E ---
2026-06-08 17:59:47,257 [INFO] All 120 telemetry intervals successfully calculated and buffered.
2026-06-08 17:59:47,257 [INFO] Flushing full historical payload burst to Aiven cloud broker...
2026-06-08 17:59:48,155 [INFO] Data injection phase complete. Producer context offline.
2026-06-09 12:08:51,732 [INFO] Connecting to a secure cloud-managed Aiven Kafka instance...
2026-06-09 12:08:52,209 [INFO] Meteorological context sync: Wind blowing towards downwind sector NE (230° raw input).
2026-06-09 12:08:52,214 [INFO] Simulating telemetry window: 06:08:52 to 08:08:52
2026-06-09 12:08:52,216 [INFO] --- [PLUME TRANSIENT INTERCEPT] Vapor breakthrough simulated heading downwind towards NE ---
2026-06-09 12:08:52,219 [INFO] --- [PLUME TRANSIENT RESOLVED] Vapor concentrations returned to environmental baseline. ---
2026-06-09 12:08:52,221 [INFO] --- [PLUME TRANSIENT INTERCEPT] Vapor breakthrough simulated heading downwind towards NE ---
2026-06-09 12:08:52,223 [INFO] --- [PLUME TRANSIENT RESOLVED] Vapor concentrations returned to environmental baseline. ---
2026-06-09 12:08:52,223 [INFO] All 120 telemetry intervals successfully calculated and buffered.
2026-06-09 12:08:52,224 [INFO] Flushing full historical payload burst to Aiven cloud broker...
2026-06-09 12:08:52,998 [INFO] Data injection phase complete. Producer context offline.
2026-06-09 16:07:15,962 [INFO] Connecting to a secure cloud-managed Aiven Kafka instance...
2026-06-09 16:07:16,466 [INFO] Meteorological context sync: Wind blowing towards downwind sector NE (253° raw input).
2026-06-09 16:07:16,470 [INFO] Simulating telemetry window: 10:07:16 to 12:07:16
2026-06-09 16:07:16,475 [INFO] --- [PLUME TRANSIENT INTERCEPT] Vapor breakthrough simulated heading downwind towards NE ---
2026-06-09 16:07:16,477 [INFO] --- [PLUME TRANSIENT RESOLVED] Vapor concentrations returned to environmental baseline. ---
2026-06-09 16:07:16,480 [INFO] --- [PLUME TRANSIENT INTERCEPT] Vapor breakthrough simulated heading downwind towards NE ---
2026-06-09 16:07:16,480 [INFO] All 120 telemetry intervals successfully calculated and buffered.
2026-06-09 16:07:16,480 [INFO] Flushing full historical payload burst to Aiven cloud broker...
2026-06-09 16:07:17,381 [INFO] Data injection phase complete. Producer context offline.
2026-06-09 19:20:01,640 [INFO] Connecting to a secure cloud-managed Aiven Kafka instance...
2026-06-09 19:20:03,998 [INFO] Meteorological context sync: Wind blowing towards downwind sector NE (207° raw input).
2026-06-09 19:20:04,067 [INFO] Simulating telemetry window: 13:20:04 to 15:20:04
2026-06-09 19:20:04,068 [INFO] --- [PLUME TRANSIENT INTERCEPT] Vapor breakthrough simulated heading downwind towards NE ---
2026-06-09 19:20:04,071 [INFO] --- [PLUME TRANSIENT RESOLVED] Vapor concentrations returned to environmental baseline. ---
2026-06-09 19:20:04,071 [INFO] --- [PLUME TRANSIENT INTERCEPT] Vapor breakthrough simulated heading downwind towards NE ---
2026-06-09 19:20:04,073 [INFO] --- [PLUME TRANSIENT RESOLVED] Vapor concentrations returned to environmental baseline. ---
2026-06-09 19:20:04,075 [INFO] --- [PLUME TRANSIENT INTERCEPT] Vapor breakthrough simulated heading downwind towards NE ---
2026-06-09 19:20:04,076 [INFO] --- [PLUME TRANSIENT RESOLVED] Vapor concentrations returned to environmental baseline. ---
2026-06-09 19:20:04,076 [INFO] All 120 telemetry intervals successfully calculated and buffered.
2026-06-09 19:20:04,076 [INFO] Flushing full historical payload burst to Aiven cloud broker...
2026-06-09 19:20:04,905 [INFO] Data injection phase complete. Producer context offline.
2026-06-10 12:27:32,828 [INFO] Connecting to a secure cloud-managed Aiven Kafka instance...
2026-06-10 12:27:33,250 [INFO] Meteorological context sync: Wind blowing towards downwind sector NE (233° raw input).
2026-06-10 12:27:33,252 [INFO] Simulating telemetry window: 06:27:33 to 08:27:33
2026-06-10 12:27:33,257 [INFO] --- [PLUME TRANSIENT INTERCEPT] Vapor breakthrough simulated heading downwind towards NE ---
2026-06-10 12:27:33,260 [INFO] --- [PLUME TRANSIENT RESOLVED] Vapor concentrations returned to environmental baseline. ---
2026-06-10 12:27:33,261 [INFO] All 120 telemetry intervals successfully calculated and buffered.
2026-06-10 12:27:33,261 [INFO] Flushing full historical payload burst to Aiven cloud broker...
2026-06-10 12:27:34,157 [INFO] Data injection phase complete. Producer context offline.
2026-06-10 16:38:54,464 [INFO] Connecting to a secure cloud-managed Aiven Kafka instance...
2026-06-10 16:38:54,874 [INFO] Meteorological context sync: Wind blowing towards downwind sector NE (216° raw input).
2026-06-10 16:38:54,880 [INFO] Simulating telemetry window: 10:38:54 to 12:38:54
2026-06-10 16:38:54,883 [INFO] --- [PLUME TRANSIENT INTERCEPT] Vapor breakthrough simulated heading downwind towards NE ---
2026-06-10 16:38:54,886 [INFO] --- [PLUME TRANSIENT RESOLVED] Vapor concentrations returned to environmental baseline. ---
2026-06-10 16:38:54,887 [INFO] --- [PLUME TRANSIENT INTERCEPT] Vapor breakthrough simulated heading downwind towards NE ---
2026-06-10 16:38:54,889 [INFO] --- [PLUME TRANSIENT RESOLVED] Vapor concentrations returned to environmental baseline. ---
2026-06-10 16:38:54,892 [INFO] All 120 telemetry intervals successfully calculated and buffered.
2026-06-10 16:38:54,892 [INFO] Flushing full historical payload burst to Aiven cloud broker...
2026-06-10 16:38:55,650 [INFO] Data injection phase complete. Producer context offline.
2026-06-10 19:38:16,785 [INFO] Connecting to a secure cloud-managed Aiven Kafka instance...
2026-06-10 19:38:17,285 [INFO] Meteorological context sync: Wind blowing towards downwind sector NE (222° raw input).
2026-06-10 19:38:17,293 [INFO] Simulating telemetry window: 13:38:17 to 15:38:17
2026-06-10 19:38:17,299 [INFO] --- [PLUME TRANSIENT INTERCEPT] Vapor breakthrough simulated heading downwind towards NE ---
2026-06-10 19:38:17,300 [INFO] --- [PLUME TRANSIENT RESOLVED] Vapor concentrations returned to environmental baseline. ---
2026-06-10 19:38:17,304 [INFO] All 120 telemetry intervals successfully calculated and buffered.
2026-06-10 19:38:17,304 [INFO] Flushing full historical payload burst to Aiven cloud broker...
2026-06-10 19:38:18,107 [INFO] Data injection phase complete. Producer context offline.
2026-06-11 12:51:02,179 [INFO] Connecting to a secure cloud-managed Aiven Kafka instance...
2026-06-11 12:51:02,849 [INFO] Meteorological context sync: Wind blowing towards downwind sector NE (229° raw input).
2026-06-11 12:51:02,856 [INFO] Simulating telemetry window: 06:51:02 to 08:51:02
2026-06-11 12:51:02,858 [INFO] --- [PLUME TRANSIENT INTERCEPT] Vapor breakthrough simulated heading downwind towards NE ---
2026-06-11 12:51:02,859 [INFO] --- [PLUME TRANSIENT RESOLVED] Vapor concentrations returned to environmental baseline. ---
2026-06-11 12:51:02,863 [INFO] All 120 telemetry intervals successfully calculated and buffered.
2026-06-11 12:51:02,863 [INFO] Flushing full historical payload burst to Aiven cloud broker...
2026-06-11 12:51:04,139 [INFO] Data injection phase complete. Producer context offline.
2026-06-11 16:57:56,941 [INFO] Connecting to a secure cloud-managed Aiven Kafka instance...
2026-06-11 16:57:57,683 [INFO] Meteorological context sync: Wind blowing towards downwind sector NE (203° raw input).
2026-06-11 16:57:57,696 [INFO] Simulating telemetry window: 10:57:57 to 12:57:57
2026-06-11 16:57:57,698 [INFO] --- [PLUME TRANSIENT INTERCEPT] Vapor breakthrough simulated heading downwind towards NE ---
2026-06-11 16:57:57,700 [INFO] --- [PLUME TRANSIENT RESOLVED] Vapor concentrations returned to environmental baseline. ---
2026-06-11 16:57:57,701 [INFO] --- [PLUME TRANSIENT INTERCEPT] Vapor breakthrough simulated heading downwind towards NE ---
2026-06-11 16:57:57,704 [INFO] --- [PLUME TRANSIENT RESOLVED] Vapor concentrations returned to environmental baseline. ---
2026-06-11 16:57:57,706 [INFO] All 120 telemetry intervals successfully calculated and buffered.
2026-06-11 16:57:57,706 [INFO] Flushing full historical payload burst to Aiven cloud broker...
2026-06-11 16:57:58,554 [INFO] Data injection phase complete. Producer context offline.
2026-06-11 19:39:28,631 [INFO] Connecting to a secure cloud-managed Aiven Kafka instance...
2026-06-11 19:39:29,121 [INFO] Meteorological context sync: Wind blowing towards downwind sector NE (218° raw input).
2026-06-11 19:39:29,123 [INFO] Simulating telemetry window: 13:39:29 to 15:39:29
2026-06-11 19:39:29,124 [INFO] --- [PLUME TRANSIENT INTERCEPT] Vapor breakthrough simulated heading downwind towards NE ---
2026-06-11 19:39:29,126 [INFO] --- [PLUME TRANSIENT RESOLVED] Vapor concentrations returned to environmental baseline. ---
2026-06-11 19:39:29,127 [INFO] --- [PLUME TRANSIENT INTERCEPT] Vapor breakthrough simulated heading downwind towards NE ---
2026-06-11 19:39:29,128 [INFO] --- [PLUME TRANSIENT RESOLVED] Vapor concentrations returned to environmental baseline. ---
2026-06-11 19:39:29,129 [INFO] --- [PLUME TRANSIENT INTERCEPT] Vapor breakthrough simulated heading downwind towards NE ---
2026-06-11 19:39:29,130 [INFO] --- [PLUME TRANSIENT RESOLVED] Vapor concentrations returned to environmental baseline. ---
2026-06-11 19:39:29,132 [INFO] --- [PLUME TRANSIENT INTERCEPT] Vapor breakthrough simulated heading downwind towards NE ---
2026-06-11 19:39:29,133 [INFO] All 120 telemetry intervals successfully calculated and buffered.
2026-06-11 19:39:29,133 [INFO] Flushing full historical payload burst to Aiven cloud broker...
2026-06-11 19:39:30,182 [INFO] Data injection phase complete. Producer context offline.
2026-06-12 12:23:11,305 [INFO] Connecting to a secure cloud-managed Aiven Kafka instance...
2026-06-12 12:23:11,785 [INFO] Meteorological context sync: Wind blowing towards downwind sector NE (228° raw input).
2026-06-12 12:23:11,787 [INFO] Simulating telemetry window: 06:23:11 to 08:23:11
2026-06-12 12:23:11,787 [INFO] --- [PLUME TRANSIENT INTERCEPT] Vapor breakthrough simulated heading downwind towards NE ---
2026-06-12 12:23:11,789 [INFO] --- [PLUME TRANSIENT RESOLVED] Vapor concentrations returned to environmental baseline. ---
2026-06-12 12:23:11,790 [INFO] --- [PLUME TRANSIENT INTERCEPT] Vapor breakthrough simulated heading downwind towards NE ---
2026-06-12 12:23:11,791 [INFO] --- [PLUME TRANSIENT RESOLVED] Vapor concentrations returned to environmental baseline. ---
2026-06-12 12:23:11,792 [INFO] --- [PLUME TRANSIENT INTERCEPT] Vapor breakthrough simulated heading downwind towards NE ---
2026-06-12 12:23:11,795 [INFO] --- [PLUME TRANSIENT RESOLVED] Vapor concentrations returned to environmental baseline. ---
2026-06-12 12:23:11,798 [INFO] All 120 telemetry intervals successfully calculated and buffered.
2026-06-12 12:23:11,798 [INFO] Flushing full historical payload burst to Aiven cloud broker...
2026-06-12 12:23:12,477 [INFO] Data injection phase complete. Producer context offline.
2026-06-12 16:23:26,007 [INFO] Connecting to a secure cloud-managed Aiven Kafka instance...
2026-06-12 16:23:26,514 [INFO] Meteorological context sync: Wind blowing towards downwind sector NE (233° raw input).
2026-06-12 16:23:26,595 [INFO] Simulating telemetry window: 10:23:26 to 12:23:26
2026-06-12 16:23:26,600 [INFO] --- [PLUME TRANSIENT INTERCEPT] Vapor breakthrough simulated heading downwind towards NE ---
2026-06-12 16:23:26,602 [INFO] --- [PLUME TRANSIENT RESOLVED] Vapor concentrations returned to environmental baseline. ---
2026-06-12 16:23:26,604 [INFO] --- [PLUME TRANSIENT INTERCEPT] Vapor breakthrough simulated heading downwind towards NE ---
2026-06-12 16:23:26,606 [INFO] All 120 telemetry intervals successfully calculated and buffered.
2026-06-12 16:23:26,606 [INFO] Flushing full historical payload burst to Aiven cloud broker...
2026-06-12 16:23:27,348 [INFO] Data injection phase complete. Producer context offline.
2026-06-12 19:09:52,218 [INFO] Connecting to a secure cloud-managed Aiven Kafka instance...
2026-06-12 19:09:52,622 [INFO] Meteorological context sync: Wind blowing towards downwind sector NE (240° raw input).
2026-06-12 19:09:52,629 [INFO] Simulating telemetry window: 13:09:52 to 15:09:52
2026-06-12 19:09:52,631 [INFO] --- [PLUME TRANSIENT INTERCEPT] Vapor breakthrough simulated heading downwind towards NE ---
2026-06-12 19:09:52,634 [INFO] --- [PLUME TRANSIENT RESOLVED] Vapor concentrations returned to environmental baseline. ---
2026-06-12 19:09:52,635 [INFO] --- [PLUME TRANSIENT INTERCEPT] Vapor breakthrough simulated heading downwind towards NE ---
2026-06-12 19:09:52,637 [INFO] --- [PLUME TRANSIENT RESOLVED] Vapor concentrations returned to environmental baseline. ---
2026-06-12 19:09:52,639 [INFO] All 120 telemetry intervals successfully calculated and buffered.
2026-06-12 19:09:52,639 [INFO] Flushing full historical payload burst to Aiven cloud broker...
2026-06-12 19:09:53,370 [INFO] Data injection phase complete. Producer context offline.
2026-06-15 15:20:03,949 [INFO] Connecting to a secure cloud-managed Aiven Kafka instance...
2026-06-15 15:20:05,204 [INFO] Meteorological context sync: Wind blowing towards downwind sector NE (227° raw input).
2026-06-15 15:20:05,210 [INFO] Simulating telemetry window: 09:20:05 to 11:20:05
2026-06-15 15:20:05,213 [INFO] --- [PLUME TRANSIENT INTERCEPT] Vapor breakthrough simulated heading downwind towards NE ---
2026-06-15 15:20:05,216 [INFO] --- [PLUME TRANSIENT RESOLVED] Vapor concentrations returned to environmental baseline. ---
2026-06-15 15:20:05,218 [INFO] --- [PLUME TRANSIENT INTERCEPT] Vapor breakthrough simulated heading downwind towards NE ---
2026-06-15 15:20:05,220 [INFO] All 120 telemetry intervals successfully calculated and buffered.
2026-06-15 15:20:05,220 [INFO] Flushing full historical payload burst to Aiven cloud broker...
2026-06-15 15:20:06,525 [INFO] Data injection phase complete. Producer context offline.
2026-06-15 20:28:31,026 [INFO] Connecting to a secure cloud-managed Aiven Kafka instance...
2026-06-15 20:28:31,546 [INFO] Meteorological context sync: Wind blowing towards downwind sector NE (225° raw input).
2026-06-15 20:28:31,548 [INFO] Simulating telemetry window: 14:28:31 to 16:28:31
2026-06-15 20:28:31,551 [INFO] --- [PLUME TRANSIENT INTERCEPT] Vapor breakthrough simulated heading downwind towards NE ---
2026-06-15 20:28:31,553 [INFO] --- [PLUME TRANSIENT RESOLVED] Vapor concentrations returned to environmental baseline. ---
2026-06-15 20:28:31,555 [INFO] --- [PLUME TRANSIENT INTERCEPT] Vapor breakthrough simulated heading downwind towards NE ---
2026-06-15 20:28:31,557 [INFO] --- [PLUME TRANSIENT RESOLVED] Vapor concentrations returned to environmental baseline. ---
2026-06-15 20:28:31,558 [INFO] All 120 telemetry intervals successfully calculated and buffered.
2026-06-15 20:28:31,558 [INFO] Flushing full historical payload burst to Aiven cloud broker...
2026-06-15 20:28:32,191 [INFO] Data injection phase complete. Producer context offline.
2026-06-16 14:15:15,793 [INFO] Connecting to a secure cloud-managed Aiven Kafka instance...
2026-06-16 14:15:16,222 [INFO] Meteorological context sync: Wind blowing towards downwind sector NE (231° raw input).
2026-06-16 14:15:16,224 [INFO] Simulating telemetry window: 08:15:16 to 10:15:16
2026-06-16 14:15:16,225 [INFO] --- [PLUME TRANSIENT INTERCEPT] Vapor breakthrough simulated heading downwind towards NE ---
2026-06-16 14:15:16,227 [INFO] --- [PLUME TRANSIENT RESOLVED] Vapor concentrations returned to environmental baseline. ---
2026-06-16 14:15:16,227 [INFO] --- [PLUME TRANSIENT INTERCEPT] Vapor breakthrough simulated heading downwind towards NE ---
2026-06-16 14:15:16,229 [INFO] --- [PLUME TRANSIENT RESOLVED] Vapor concentrations returned to environmental baseline. ---
2026-06-16 14:15:16,233 [INFO] --- [PLUME TRANSIENT INTERCEPT] Vapor breakthrough simulated heading downwind towards NE ---
2026-06-16 14:15:16,234 [INFO] --- [PLUME TRANSIENT RESOLVED] Vapor concentrations returned to environmental baseline. ---
2026-06-16 14:15:16,234 [INFO] All 120 telemetry intervals successfully calculated and buffered.
2026-06-16 14:15:16,234 [INFO] Flushing full historical payload burst to Aiven cloud broker...
2026-06-16 14:15:17,524 [INFO] Data injection phase complete. Producer context offline.
2026-06-16 18:56:11,916 [INFO] Connecting to a secure cloud-managed Aiven Kafka instance...
2026-06-16 18:56:12,345 [INFO] Meteorological context sync: Wind blowing towards downwind sector NE (237° raw input).
2026-06-16 18:56:12,352 [INFO] Simulating telemetry window: 12:56:12 to 14:56:12
2026-06-16 18:56:12,354 [INFO] --- [PLUME TRANSIENT INTERCEPT] Vapor breakthrough simulated heading downwind towards NE ---
2026-06-16 18:56:12,355 [INFO] --- [PLUME TRANSIENT RESOLVED] Vapor concentrations returned to environmental baseline. ---
2026-06-16 18:56:12,358 [INFO] --- [PLUME TRANSIENT INTERCEPT] Vapor breakthrough simulated heading downwind towards NE ---
2026-06-16 18:56:12,360 [INFO] --- [PLUME TRANSIENT RESOLVED] Vapor concentrations returned to environmental baseline. ---
2026-06-16 18:56:12,361 [INFO] All 120 telemetry intervals successfully calculated and buffered.
2026-06-16 18:56:12,361 [INFO] Flushing full historical payload burst to Aiven cloud broker...
2026-06-16 18:56:12,895 [INFO] Data injection phase complete. Producer context offline.
2026-06-17 12:54:35,965 [INFO] Connecting to a secure cloud-managed Aiven Kafka instance...
2026-06-17 12:54:36,504 [INFO] Meteorological context sync: Wind blowing towards downwind sector NE (231° raw input).
2026-06-17 12:54:36,510 [INFO] Simulating telemetry window: 06:54:36 to 08:54:36
2026-06-17 12:54:36,512 [INFO] --- [PLUME TRANSIENT INTERCEPT] Vapor breakthrough simulated heading downwind towards NE ---
2026-06-17 12:54:36,514 [INFO] --- [PLUME TRANSIENT RESOLVED] Vapor concentrations returned to environmental baseline. ---
2026-06-17 12:54:36,515 [INFO] --- [PLUME TRANSIENT INTERCEPT] Vapor breakthrough simulated heading downwind towards NE ---
2026-06-17 12:54:36,516 [INFO] --- [PLUME TRANSIENT RESOLVED] Vapor concentrations returned to environmental baseline. ---
2026-06-17 12:54:36,517 [INFO] --- [PLUME TRANSIENT INTERCEPT] Vapor breakthrough simulated heading downwind towards NE ---
2026-06-17 12:54:36,519 [INFO] --- [PLUME TRANSIENT RESOLVED] Vapor concentrations returned to environmental baseline. ---
2026-06-17 12:54:36,519 [INFO] --- [PLUME TRANSIENT INTERCEPT] Vapor breakthrough simulated heading downwind towards NE ---
2026-06-17 12:54:36,520 [INFO] All 120 telemetry intervals successfully calculated and buffered.
2026-06-17 12:54:36,520 [INFO] Flushing full historical payload burst to Aiven cloud broker...
2026-06-17 12:54:37,876 [INFO] Data injection phase complete. Producer context offline.
2026-06-17 16:40:26,601 [INFO] Connecting to a secure cloud-managed Aiven Kafka instance...
2026-06-17 16:40:27,130 [INFO] Meteorological context sync: Wind blowing towards downwind sector NE (220° raw input).
2026-06-17 16:40:27,132 [INFO] Simulating telemetry window: 10:40:27 to 12:40:27
2026-06-17 16:40:27,135 [INFO] --- [PLUME TRANSIENT INTERCEPT] Vapor breakthrough simulated heading downwind towards NE ---
2026-06-17 16:40:27,136 [INFO] --- [PLUME TRANSIENT RESOLVED] Vapor concentrations returned to environmental baseline. ---
2026-06-17 16:40:27,137 [INFO] --- [PLUME TRANSIENT INTERCEPT] Vapor breakthrough simulated heading downwind towards NE ---
2026-06-17 16:40:27,139 [INFO] --- [PLUME TRANSIENT RESOLVED] Vapor concentrations returned to environmental baseline. ---
2026-06-17 16:40:27,141 [INFO] --- [PLUME TRANSIENT INTERCEPT] Vapor breakthrough simulated heading downwind towards NE ---
2026-06-17 16:40:27,142 [INFO] All 120 telemetry intervals successfully calculated and buffered.
2026-06-17 16:40:27,142 [INFO] Flushing full historical payload burst to Aiven cloud broker...
2026-06-17 16:40:27,881 [INFO] Data injection phase complete. Producer context offline.
2026-06-17 19:27:11,875 [INFO] Connecting to a secure cloud-managed Aiven Kafka instance...
2026-06-17 19:27:12,310 [INFO] Meteorological context sync: Wind blowing towards downwind sector NE (205° raw input).
2026-06-17 19:27:12,312 [INFO] Simulating telemetry window: 13:27:12 to 15:27:12
2026-06-17 19:27:12,313 [INFO] --- [PLUME TRANSIENT INTERCEPT] Vapor breakthrough simulated heading downwind towards NE ---
2026-06-17 19:27:12,314 [INFO] --- [PLUME TRANSIENT RESOLVED] Vapor concentrations returned to environmental baseline. ---
2026-06-17 19:27:12,316 [INFO] --- [PLUME TRANSIENT INTERCEPT] Vapor breakthrough simulated heading downwind towards NE ---
2026-06-17 19:27:12,320 [INFO] --- [PLUME TRANSIENT RESOLVED] Vapor concentrations returned to environmental baseline. ---
2026-06-17 19:27:12,322 [INFO] --- [PLUME TRANSIENT INTERCEPT] Vapor breakthrough simulated heading downwind towards NE ---
2026-06-17 19:27:12,324 [INFO] --- [PLUME TRANSIENT RESOLVED] Vapor concentrations returned to environmental baseline. ---
2026-06-17 19:27:12,324 [INFO] --- [PLUME TRANSIENT INTERCEPT] Vapor breakthrough simulated heading downwind towards NE ---
2026-06-17 19:27:12,327 [INFO] --- [PLUME TRANSIENT RESOLVED] Vapor concentrations returned to environmental baseline. ---
2026-06-17 19:27:12,327 [INFO] All 120 telemetry intervals successfully calculated and buffered.
2026-06-17 19:27:12,327 [INFO] Flushing full historical payload burst to Aiven cloud broker...
2026-06-17 19:27:13,425 [INFO] Data injection phase complete. Producer context offline.
2026-06-18 12:29:35,079 [INFO] Connecting to a secure cloud-managed Aiven Kafka instance...
2026-06-18 12:29:35,497 [INFO] Meteorological context sync: Wind blowing towards downwind sector NE (234° raw input).
2026-06-18 12:29:35,498 [INFO] Simulating telemetry window: 06:29:35 to 08:29:35
2026-06-18 12:29:35,499 [INFO] --- [PLUME TRANSIENT INTERCEPT] Vapor breakthrough simulated heading downwind towards NE ---
2026-06-18 12:29:35,502 [INFO] --- [PLUME TRANSIENT RESOLVED] Vapor concentrations returned to environmental baseline. ---
2026-06-18 12:29:35,503 [INFO] --- [PLUME TRANSIENT INTERCEPT] Vapor breakthrough simulated heading downwind towards NE ---
2026-06-18 12:29:35,505 [INFO] --- [PLUME TRANSIENT RESOLVED] Vapor concentrations returned to environmental baseline. ---
2026-06-18 12:29:35,505 [INFO] --- [PLUME TRANSIENT INTERCEPT] Vapor breakthrough simulated heading downwind towards NE ---
2026-06-18 12:29:35,507 [INFO] --- [PLUME TRANSIENT RESOLVED] Vapor concentrations returned to environmental baseline. ---
2026-06-18 12:29:35,508 [INFO] --- [PLUME TRANSIENT INTERCEPT] Vapor breakthrough simulated heading downwind towards NE ---
2026-06-18 12:29:35,508 [INFO] All 120 telemetry intervals successfully calculated and buffered.
2026-06-18 12:29:35,508 [INFO] Flushing full historical payload burst to Aiven cloud broker...
2026-06-18 12:29:36,372 [INFO] Data injection phase complete. Producer context offline.
2026-06-18 16:37:26,467 [INFO] Connecting to a secure cloud-managed Aiven Kafka instance...
2026-06-18 16:37:26,934 [INFO] Meteorological context sync: Wind blowing towards downwind sector NE (232° raw input).
2026-06-18 16:37:27,076 [INFO] Simulating telemetry window: 10:37:27 to 12:37:27
2026-06-18 16:37:27,077 [INFO] --- [PLUME TRANSIENT INTERCEPT] Vapor breakthrough simulated heading downwind towards NE ---
2026-06-18 16:37:27,079 [INFO] --- [PLUME TRANSIENT RESOLVED] Vapor concentrations returned to environmental baseline. ---
2026-06-18 16:37:27,080 [INFO] --- [PLUME TRANSIENT INTERCEPT] Vapor breakthrough simulated heading downwind towards NE ---
2026-06-18 16:37:27,082 [INFO] --- [PLUME TRANSIENT RESOLVED] Vapor concentrations returned to environmental baseline. ---
2026-06-18 16:37:27,083 [INFO] --- [PLUME TRANSIENT INTERCEPT] Vapor breakthrough simulated heading downwind towards NE ---
2026-06-18 16:37:27,085 [INFO] --- [PLUME TRANSIENT RESOLVED] Vapor concentrations returned to environmental baseline. ---
2026-06-18 16:37:27,087 [INFO] All 120 telemetry intervals successfully calculated and buffered.
2026-06-18 16:37:27,087 [INFO] Flushing full historical payload burst to Aiven cloud broker...
2026-06-18 16:37:27,676 [INFO] Data injection phase complete. Producer context offline.
2026-06-18 19:33:10,940 [INFO] Connecting to a secure cloud-managed Aiven Kafka instance...
2026-06-18 19:33:11,367 [INFO] Meteorological context sync: Wind blowing towards downwind sector NE (257° raw input).
2026-06-18 19:33:11,368 [INFO] Simulating telemetry window: 13:33:11 to 15:33:11
2026-06-18 19:33:11,371 [INFO] --- [PLUME TRANSIENT INTERCEPT] Vapor breakthrough simulated heading downwind towards NE ---
2026-06-18 19:33:11,374 [INFO] --- [PLUME TRANSIENT RESOLVED] Vapor concentrations returned to environmental baseline. ---
2026-06-18 19:33:11,374 [INFO] --- [PLUME TRANSIENT INTERCEPT] Vapor breakthrough simulated heading downwind towards NE ---
2026-06-18 19:33:11,376 [INFO] --- [PLUME TRANSIENT RESOLVED] Vapor concentrations returned to environmental baseline. ---
2026-06-18 19:33:11,377 [INFO] --- [PLUME TRANSIENT INTERCEPT] Vapor breakthrough simulated heading downwind towards NE ---
2026-06-18 19:33:11,378 [INFO] All 120 telemetry intervals successfully calculated and buffered.
2026-06-18 19:33:11,378 [INFO] Flushing full historical payload burst to Aiven cloud broker...
2026-06-18 19:33:12,309 [INFO] Data injection phase complete. Producer context offline.
2026-06-19 12:51:26,850 [INFO] Connecting to a secure cloud-managed Aiven Kafka instance...
2026-06-19 12:51:27,577 [INFO] Meteorological context sync: Wind blowing towards downwind sector NE (232° raw input).
2026-06-19 12:51:27,578 [INFO] Simulating telemetry window: 06:51:27 to 08:51:27
2026-06-19 12:51:27,580 [INFO] --- [PLUME TRANSIENT INTERCEPT] Vapor breakthrough simulated heading downwind towards NE ---
2026-06-19 12:51:27,582 [INFO] --- [PLUME TRANSIENT RESOLVED] Vapor concentrations returned to environmental baseline. ---
2026-06-19 12:51:27,584 [INFO] --- [PLUME TRANSIENT INTERCEPT] Vapor breakthrough simulated heading downwind towards NE ---
2026-06-19 12:51:27,587 [INFO] --- [PLUME TRANSIENT RESOLVED] Vapor concentrations returned to environmental baseline. ---
2026-06-19 12:51:27,588 [INFO] --- [PLUME TRANSIENT INTERCEPT] Vapor breakthrough simulated heading downwind towards NE ---
2026-06-19 12:51:27,589 [INFO] All 120 telemetry intervals successfully calculated and buffered.
2026-06-19 12:51:27,589 [INFO] Flushing full historical payload burst to Aiven cloud broker...
2026-06-19 12:51:28,581 [INFO] Data injection phase complete. Producer context offline.
2026-06-19 16:10:27,634 [INFO] Connecting to a secure cloud-managed Aiven Kafka instance...
2026-06-19 16:10:28,333 [INFO] Meteorological context sync: Wind blowing towards downwind sector NE (239° raw input).
2026-06-19 16:10:28,338 [INFO] Simulating telemetry window: 10:10:28 to 12:10:28
2026-06-19 16:10:28,345 [INFO] --- [PLUME TRANSIENT INTERCEPT] Vapor breakthrough simulated heading downwind towards NE ---
2026-06-19 16:10:28,347 [INFO] --- [PLUME TRANSIENT RESOLVED] Vapor concentrations returned to environmental baseline. ---
2026-06-19 16:10:28,349 [INFO] All 120 telemetry intervals successfully calculated and buffered.
2026-06-19 16:10:28,349 [INFO] Flushing full historical payload burst to Aiven cloud broker...
2026-06-19 16:10:29,499 [INFO] Data injection phase complete. Producer context offline.
2026-06-19 19:00:00,804 [INFO] Connecting to a secure cloud-managed Aiven Kafka instance...
2026-06-19 19:00:02,648 [INFO] Meteorological context sync: Wind blowing towards downwind sector NE (257° raw input).
2026-06-19 19:00:02,653 [INFO] Simulating telemetry window: 13:00:02 to 15:00:02
2026-06-19 19:00:02,655 [INFO] --- [PLUME TRANSIENT INTERCEPT] Vapor breakthrough simulated heading downwind towards NE ---
2026-06-19 19:00:02,658 [INFO] --- [PLUME TRANSIENT RESOLVED] Vapor concentrations returned to environmental baseline. ---
2026-06-19 19:00:02,659 [INFO] --- [PLUME TRANSIENT INTERCEPT] Vapor breakthrough simulated heading downwind towards NE ---
2026-06-19 19:00:02,661 [INFO] --- [PLUME TRANSIENT RESOLVED] Vapor concentrations returned to environmental baseline. ---
2026-06-19 19:00:02,661 [INFO] --- [PLUME TRANSIENT INTERCEPT] Vapor breakthrough simulated heading downwind towards NE ---
2026-06-19 19:00:02,664 [INFO] --- [PLUME TRANSIENT RESOLVED] Vapor concentrations returned to environmental baseline. ---
2026-06-19 19:00:02,664 [INFO] All 120 telemetry intervals successfully calculated and buffered.
2026-06-19 19:00:02,664 [INFO] Flushing full historical payload burst to Aiven cloud broker...
2026-06-19 19:00:03,634 [INFO] Data injection phase complete. Producer context offline.
2026-06-22 14:46:16,761 [INFO] Connecting to a secure cloud-managed Aiven Kafka instance...
2026-06-22 14:46:17,200 [INFO] Meteorological context sync: Wind blowing towards downwind sector SW (57° raw input).
2026-06-22 14:46:17,238 [INFO] Simulating telemetry window: 08:46:17 to 10:46:17
2026-06-22 14:46:17,247 [INFO] All 120 telemetry intervals successfully calculated and buffered.
2026-06-22 14:46:17,247 [INFO] Flushing full historical payload burst to Aiven cloud broker...
2026-06-22 14:46:18,429 [INFO] Data injection phase complete. Producer context offline.
2026-06-22 18:50:44,972 [INFO] Connecting to a secure cloud-managed Aiven Kafka instance...
2026-06-22 18:50:45,709 [INFO] Meteorological context sync: Wind blowing towards downwind sector SW (32° raw input).
2026-06-22 18:50:45,716 [INFO] Simulating telemetry window: 12:50:45 to 14:50:45
2026-06-22 18:50:45,718 [INFO] --- [PLUME TRANSIENT INTERCEPT] Vapor breakthrough simulated heading downwind towards SW ---
2026-06-22 18:50:45,720 [INFO] --- [PLUME TRANSIENT RESOLVED] Vapor concentrations returned to environmental baseline. ---
2026-06-22 18:50:45,721 [INFO] --- [PLUME TRANSIENT INTERCEPT] Vapor breakthrough simulated heading downwind towards SW ---
2026-06-22 18:50:45,724 [INFO] --- [PLUME TRANSIENT RESOLVED] Vapor concentrations returned to environmental baseline. ---
2026-06-22 18:50:45,726 [INFO] All 120 telemetry intervals successfully calculated and buffered.
2026-06-22 18:50:45,726 [INFO] Flushing full historical payload burst to Aiven cloud broker...
2026-06-22 18:50:46,794 [INFO] Data injection phase complete. Producer context offline.
2026-06-23 12:10:42,764 [INFO] Connecting to a secure cloud-managed Aiven Kafka instance...
2026-06-23 12:10:43,455 [INFO] Meteorological context sync: Wind blowing towards downwind sector SE (326° raw input).
2026-06-23 12:10:43,457 [INFO] Simulating telemetry window: 06:10:43 to 08:10:43
2026-06-23 12:10:43,466 [INFO] --- [PLUME TRANSIENT INTERCEPT] Vapor breakthrough simulated heading downwind towards SE ---
2026-06-23 12:10:43,466 [INFO] All 120 telemetry intervals successfully calculated and buffered.
2026-06-23 12:10:43,466 [INFO] Flushing full historical payload burst to Aiven cloud broker...
2026-06-23 12:10:44,577 [INFO] Data injection phase complete. Producer context offline.
2026-06-23 15:54:31,569 [INFO] Connecting to a secure cloud-managed Aiven Kafka instance...
2026-06-23 15:54:32,016 [INFO] Meteorological context sync: Wind blowing towards downwind sector SE (334° raw input).
2026-06-23 15:54:32,017 [INFO] Simulating telemetry window: 09:54:32 to 11:54:32
2026-06-23 15:54:32,022 [INFO] --- [PLUME TRANSIENT INTERCEPT] Vapor breakthrough simulated heading downwind towards SE ---
2026-06-23 15:54:32,024 [INFO] --- [PLUME TRANSIENT RESOLVED] Vapor concentrations returned to environmental baseline. ---
2026-06-23 15:54:32,025 [INFO] --- [PLUME TRANSIENT INTERCEPT] Vapor breakthrough simulated heading downwind towards SE ---
2026-06-23 15:54:32,027 [INFO] All 120 telemetry intervals successfully calculated and buffered.
2026-06-23 15:54:32,027 [INFO] Flushing full historical payload burst to Aiven cloud broker...
2026-06-23 15:54:32,841 [INFO] Data injection phase complete. Producer context offline.
2026-06-23 19:10:40,111 [INFO] Connecting to a secure cloud-managed Aiven Kafka instance...
2026-06-23 19:10:40,545 [INFO] Meteorological context sync: Wind blowing towards downwind sector SE (303° raw input).
2026-06-23 19:10:40,554 [INFO] Simulating telemetry window: 13:10:40 to 15:10:40
2026-06-23 19:10:40,555 [INFO] --- [PLUME TRANSIENT INTERCEPT] Vapor breakthrough simulated heading downwind towards SE ---
2026-06-23 19:10:40,557 [INFO] --- [PLUME TRANSIENT RESOLVED] Vapor concentrations returned to environmental baseline. ---
2026-06-23 19:10:40,557 [INFO] --- [PLUME TRANSIENT INTERCEPT] Vapor breakthrough simulated heading downwind towards SE ---
2026-06-23 19:10:40,560 [INFO] --- [PLUME TRANSIENT RESOLVED] Vapor concentrations returned to environmental baseline. ---
2026-06-23 19:10:40,563 [INFO] --- [PLUME TRANSIENT INTERCEPT] Vapor breakthrough simulated heading downwind towards SE ---
2026-06-23 19:10:40,565 [INFO] --- [PLUME TRANSIENT RESOLVED] Vapor concentrations returned to environmental baseline. ---
2026-06-23 19:10:40,565 [INFO] All 120 telemetry intervals successfully calculated and buffered.
2026-06-23 19:10:40,565 [INFO] Flushing full historical payload burst to Aiven cloud broker...
2026-06-23 19:10:41,115 [INFO] Data injection phase complete. Producer context offline.
2026-06-24 11:48:44,304 [INFO] Connecting to a secure cloud-managed Aiven Kafka instance...
2026-06-24 11:48:44,816 [INFO] Meteorological context sync: Wind blowing towards downwind sector NE (217° raw input).
2026-06-24 11:48:44,817 [INFO] Simulating telemetry window: 05:48:44 to 07:48:44
2026-06-24 11:48:44,819 [INFO] --- [PLUME TRANSIENT INTERCEPT] Vapor breakthrough simulated heading downwind towards NE ---
2026-06-24 11:48:44,821 [INFO] --- [PLUME TRANSIENT RESOLVED] Vapor concentrations returned to environmental baseline. ---
2026-06-24 11:48:44,823 [INFO] --- [PLUME TRANSIENT INTERCEPT] Vapor breakthrough simulated heading downwind towards NE ---
2026-06-24 11:48:44,826 [INFO] --- [PLUME TRANSIENT RESOLVED] Vapor concentrations returned to environmental baseline. ---
2026-06-24 11:48:44,827 [INFO] All 120 telemetry intervals successfully calculated and buffered.
2026-06-24 11:48:44,827 [INFO] Flushing full historical payload burst to Aiven cloud broker...
2026-06-24 11:48:45,711 [INFO] Data injection phase complete. Producer context offline.
2026-06-24 15:35:17,722 [INFO] Connecting to a secure cloud-managed Aiven Kafka instance...
2026-06-24 15:35:18,204 [INFO] Meteorological context sync: Wind blowing towards downwind sector NE (218° raw input).
2026-06-24 15:35:18,217 [INFO] Simulating telemetry window: 09:35:18 to 11:35:18
2026-06-24 15:35:18,221 [INFO] --- [PLUME TRANSIENT INTERCEPT] Vapor breakthrough simulated heading downwind towards NE ---
2026-06-24 15:35:18,224 [INFO] --- [PLUME TRANSIENT RESOLVED] Vapor concentrations returned to environmental baseline. ---
2026-06-24 15:35:18,226 [INFO] --- [PLUME TRANSIENT INTERCEPT] Vapor breakthrough simulated heading downwind towards NE ---
2026-06-24 15:35:18,228 [INFO] All 120 telemetry intervals successfully calculated and buffered.
2026-06-24 15:35:18,228 [INFO] Flushing full historical payload burst to Aiven cloud broker...
2026-06-24 15:35:18,995 [INFO] Data injection phase complete. Producer context offline.
2026-06-24 18:54:36,012 [INFO] Connecting to a secure cloud-managed Aiven Kafka instance...
2026-06-24 18:54:36,590 [INFO] Meteorological context sync: Wind blowing towards downwind sector NE (225° raw input).
2026-06-24 18:54:36,594 [INFO] Simulating telemetry window: 12:54:36 to 14:54:36
2026-06-24 18:54:36,598 [INFO] --- [PLUME TRANSIENT INTERCEPT] Vapor breakthrough simulated heading downwind towards NE ---
2026-06-24 18:54:36,600 [INFO] --- [PLUME TRANSIENT RESOLVED] Vapor concentrations returned to environmental baseline. ---
2026-06-24 18:54:36,603 [INFO] --- [PLUME TRANSIENT INTERCEPT] Vapor breakthrough simulated heading downwind towards NE ---
2026-06-24 18:54:36,605 [INFO] All 120 telemetry intervals successfully calculated and buffered.
2026-06-24 18:54:36,605 [INFO] Flushing full historical payload burst to Aiven cloud broker...
2026-06-24 18:54:37,402 [INFO] Data injection phase complete. Producer context offline.
2026-06-25 11:43:13,457 [INFO] Connecting to a secure cloud-managed Aiven Kafka instance...
2026-06-25 11:43:14,232 [INFO] Meteorological context sync: Wind blowing towards downwind sector NW (135° raw input).
2026-06-25 11:43:14,234 [INFO] Simulating telemetry window: 05:43:14 to 07:43:14
2026-06-25 11:43:14,235 [INFO] --- [PLUME TRANSIENT INTERCEPT] Vapor breakthrough simulated heading downwind towards NW ---
2026-06-25 11:43:14,238 [INFO] --- [PLUME TRANSIENT RESOLVED] Vapor concentrations returned to environmental baseline. ---
2026-06-25 11:43:14,244 [INFO] All 120 telemetry intervals successfully calculated and buffered.
2026-06-25 11:43:14,244 [INFO] Flushing full historical payload burst to Aiven cloud broker...
2026-06-25 11:43:15,177 [INFO] Data injection phase complete. Producer context offline.
2026-06-25 15:42:53,849 [INFO] Connecting to a secure cloud-managed Aiven Kafka instance...
2026-06-25 15:42:54,350 [INFO] Meteorological context sync: Wind blowing towards downwind sector SW (71° raw input).
2026-06-25 15:42:54,359 [INFO] Simulating telemetry window: 09:42:54 to 11:42:54
2026-06-25 15:42:54,360 [INFO] --- [PLUME TRANSIENT INTERCEPT] Vapor breakthrough simulated heading downwind towards SW ---
2026-06-25 15:42:54,363 [INFO] --- [PLUME TRANSIENT RESOLVED] Vapor concentrations returned to environmental baseline. ---
2026-06-25 15:42:54,364 [INFO] --- [PLUME TRANSIENT INTERCEPT] Vapor breakthrough simulated heading downwind towards SW ---
2026-06-25 15:42:54,366 [INFO] --- [PLUME TRANSIENT RESOLVED] Vapor concentrations returned to environmental baseline. ---
2026-06-25 15:42:54,372 [INFO] All 120 telemetry intervals successfully calculated and buffered.
2026-06-25 15:42:54,372 [INFO] Flushing full historical payload burst to Aiven cloud broker...
2026-06-25 15:42:55,001 [INFO] Data injection phase complete. Producer context offline.
2026-06-25 19:08:08,064 [INFO] Connecting to a secure cloud-managed Aiven Kafka instance...
2026-06-25 19:08:08,726 [INFO] Meteorological context sync: Wind blowing towards downwind sector SW (54° raw input).
2026-06-25 19:08:08,733 [INFO] Simulating telemetry window: 13:08:08 to 15:08:08
2026-06-25 19:08:08,736 [INFO] --- [PLUME TRANSIENT INTERCEPT] Vapor breakthrough simulated heading downwind towards SW ---
2026-06-25 19:08:08,739 [INFO] --- [PLUME TRANSIENT RESOLVED] Vapor concentrations returned to environmental baseline. ---
2026-06-25 19:08:08,739 [INFO] --- [PLUME TRANSIENT INTERCEPT] Vapor breakthrough simulated heading downwind towards SW ---
2026-06-25 19:08:08,742 [INFO] --- [PLUME TRANSIENT RESOLVED] Vapor concentrations returned to environmental baseline. ---
2026-06-25 19:08:08,742 [INFO] --- [PLUME TRANSIENT INTERCEPT] Vapor breakthrough simulated heading downwind towards SW ---
2026-06-25 19:08:08,743 [INFO] All 120 telemetry intervals successfully calculated and buffered.
2026-06-25 19:08:08,743 [INFO] Flushing full historical payload burst to Aiven cloud broker...
2026-06-25 19:08:09,796 [INFO] Data injection phase complete. Producer context offline.
2026-06-26 11:47:36,279 [INFO] Connecting to a secure cloud-managed Aiven Kafka instance...
2026-06-26 11:47:36,889 [INFO] Meteorological context sync: Wind blowing towards downwind sector NE (213° raw input).
2026-06-26 11:47:36,927 [INFO] Simulating telemetry window: 05:47:36 to 07:47:36
2026-06-26 11:47:36,934 [INFO] --- [PLUME TRANSIENT INTERCEPT] Vapor breakthrough simulated heading downwind towards NE ---
2026-06-26 11:47:36,935 [INFO] --- [PLUME TRANSIENT RESOLVED] Vapor concentrations returned to environmental baseline. ---
2026-06-26 11:47:36,935 [INFO] --- [PLUME TRANSIENT INTERCEPT] Vapor breakthrough simulated heading downwind towards NE ---
2026-06-26 11:47:36,937 [INFO] All 120 telemetry intervals successfully calculated and buffered.
2026-06-26 11:47:36,937 [INFO] Flushing full historical payload burst to Aiven cloud broker...
2026-06-26 11:47:38,701 [INFO] Data injection phase complete. Producer context offline.
2026-06-26 15:26:31,944 [INFO] Connecting to a secure cloud-managed Aiven Kafka instance...
2026-06-26 15:26:32,759 [INFO] Meteorological context sync: Wind blowing towards downwind sector NE (218° raw input).
2026-06-26 15:26:32,761 [INFO] Simulating telemetry window: 09:26:32 to 11:26:32
2026-06-26 15:26:32,762 [INFO] --- [PLUME TRANSIENT INTERCEPT] Vapor breakthrough simulated heading downwind towards NE ---
2026-06-26 15:26:32,763 [INFO] --- [PLUME TRANSIENT RESOLVED] Vapor concentrations returned to environmental baseline. ---
2026-06-26 15:26:32,763 [INFO] --- [PLUME TRANSIENT INTERCEPT] Vapor breakthrough simulated heading downwind towards NE ---
2026-06-26 15:26:32,765 [INFO] --- [PLUME TRANSIENT RESOLVED] Vapor concentrations returned to environmental baseline. ---
2026-06-26 15:26:32,766 [INFO] --- [PLUME TRANSIENT INTERCEPT] Vapor breakthrough simulated heading downwind towards NE ---
2026-06-26 15:26:32,768 [INFO] --- [PLUME TRANSIENT RESOLVED] Vapor concentrations returned to environmental baseline. ---
2026-06-26 15:26:32,769 [INFO] --- [PLUME TRANSIENT INTERCEPT] Vapor breakthrough simulated heading downwind towards NE ---
2026-06-26 15:26:32,771 [INFO] All 120 telemetry intervals successfully calculated and buffered.
2026-06-26 15:26:32,771 [INFO] Flushing full historical payload burst to Aiven cloud broker...
2026-06-26 15:26:33,612 [INFO] Data injection phase complete. Producer context offline.
2026-06-26 18:55:38,709 [INFO] Connecting to a secure cloud-managed Aiven Kafka instance...
2026-06-26 18:55:39,473 [INFO] Meteorological context sync: Wind blowing towards downwind sector NE (232° raw input).
2026-06-26 18:55:39,475 [INFO] Simulating telemetry window: 12:55:39 to 14:55:39
2026-06-26 18:55:39,476 [INFO] --- [PLUME TRANSIENT INTERCEPT] Vapor breakthrough simulated heading downwind towards NE ---
2026-06-26 18:55:39,477 [INFO] --- [PLUME TRANSIENT RESOLVED] Vapor concentrations returned to environmental baseline. ---
2026-06-26 18:55:39,479 [INFO] --- [PLUME TRANSIENT INTERCEPT] Vapor breakthrough simulated heading downwind towards NE ---
2026-06-26 18:55:39,480 [INFO] --- [PLUME TRANSIENT RESOLVED] Vapor concentrations returned to environmental baseline. ---
2026-06-26 18:55:39,480 [INFO] --- [PLUME TRANSIENT INTERCEPT] Vapor breakthrough simulated heading downwind towards NE ---
2026-06-26 18:55:39,482 [INFO] --- [PLUME TRANSIENT RESOLVED] Vapor concentrations returned to environmental baseline. ---
2026-06-26 18:55:39,483 [INFO] All 120 telemetry intervals successfully calculated and buffered.
2026-06-26 18:55:39,483 [INFO] Flushing full historical payload burst to Aiven cloud broker...
2026-06-26 18:55:40,356 [INFO] Data injection phase complete. Producer context offline.
2026-06-29 13:10:57,977 [INFO] Connecting to a secure cloud-managed Aiven Kafka instance...
2026-06-29 13:10:58,525 [INFO] Meteorological context sync: Wind blowing towards downwind sector NE (216° raw input).
2026-06-29 13:10:58,531 [INFO] Simulating telemetry window: 07:10:58 to 09:10:58
2026-06-29 13:10:58,533 [INFO] --- [PLUME TRANSIENT INTERCEPT] Vapor breakthrough simulated heading downwind towards NE ---
2026-06-29 13:10:58,535 [INFO] --- [PLUME TRANSIENT RESOLVED] Vapor concentrations returned to environmental baseline. ---
2026-06-29 13:10:58,536 [INFO] --- [PLUME TRANSIENT INTERCEPT] Vapor breakthrough simulated heading downwind towards NE ---
2026-06-29 13:10:58,538 [INFO] --- [PLUME TRANSIENT RESOLVED] Vapor concentrations returned to environmental baseline. ---
2026-06-29 13:10:58,540 [INFO] --- [PLUME TRANSIENT INTERCEPT] Vapor breakthrough simulated heading downwind towards NE ---
2026-06-29 13:10:58,541 [INFO] All 120 telemetry intervals successfully calculated and buffered.
2026-06-29 13:10:58,541 [INFO] Flushing full historical payload burst to Aiven cloud broker...
2026-06-29 13:10:59,400 [INFO] Data injection phase complete. Producer context offline.
2026-06-29 17:42:57,279 [INFO] Connecting to a secure cloud-managed Aiven Kafka instance...
2026-06-29 17:42:57,948 [INFO] Meteorological context sync: Wind blowing towards downwind sector NE (216° raw input).
2026-06-29 17:42:57,949 [INFO] Simulating telemetry window: 11:42:57 to 13:42:57
2026-06-29 17:42:57,951 [INFO] --- [PLUME TRANSIENT INTERCEPT] Vapor breakthrough simulated heading downwind towards NE ---
2026-06-29 17:42:57,952 [INFO] --- [PLUME TRANSIENT RESOLVED] Vapor concentrations returned to environmental baseline. ---
2026-06-29 17:42:57,953 [INFO] --- [PLUME TRANSIENT INTERCEPT] Vapor breakthrough simulated heading downwind towards NE ---
2026-06-29 17:42:57,955 [INFO] --- [PLUME TRANSIENT RESOLVED] Vapor concentrations returned to environmental baseline. ---
2026-06-29 17:42:57,956 [INFO] --- [PLUME TRANSIENT INTERCEPT] Vapor breakthrough simulated heading downwind towards NE ---
2026-06-29 17:42:57,957 [INFO] All 120 telemetry intervals successfully calculated and buffered.
2026-06-29 17:42:57,957 [INFO] Flushing full historical payload burst to Aiven cloud broker...
2026-06-29 17:42:58,923 [INFO] Data injection phase complete. Producer context offline.
2026-06-30 11:47:24,504 [INFO] Connecting to a secure cloud-managed Aiven Kafka instance...
2026-06-30 11:47:25,164 [INFO] Meteorological context sync: Wind blowing towards downwind sector NE (212° raw input).
2026-06-30 11:47:25,169 [INFO] Simulating telemetry window: 05:47:25 to 07:47:25
2026-06-30 11:47:25,171 [INFO] --- [PLUME TRANSIENT INTERCEPT] Vapor breakthrough simulated heading downwind towards NE ---
2026-06-30 11:47:25,172 [INFO] --- [PLUME TRANSIENT RESOLVED] Vapor concentrations returned to environmental baseline. ---
2026-06-30 11:47:25,174 [INFO] --- [PLUME TRANSIENT INTERCEPT] Vapor breakthrough simulated heading downwind towards NE ---
2026-06-30 11:47:25,175 [INFO] All 120 telemetry intervals successfully calculated and buffered.
2026-06-30 11:47:25,175 [INFO] Flushing full historical payload burst to Aiven cloud broker...
2026-06-30 11:47:26,369 [INFO] Data injection phase complete. Producer context offline.
2026-06-30 15:33:50,595 [INFO] Connecting to a secure cloud-managed Aiven Kafka instance...
2026-06-30 15:33:51,011 [INFO] Meteorological context sync: Wind blowing towards downwind sector NE (243° raw input).
2026-06-30 15:33:51,013 [INFO] Simulating telemetry window: 09:33:51 to 11:33:51
2026-06-30 15:33:51,014 [INFO] --- [PLUME TRANSIENT INTERCEPT] Vapor breakthrough simulated heading downwind towards NE ---
2026-06-30 15:33:51,016 [INFO] --- [PLUME TRANSIENT RESOLVED] Vapor concentrations returned to environmental baseline. ---
2026-06-30 15:33:51,022 [INFO] --- [PLUME TRANSIENT INTERCEPT] Vapor breakthrough simulated heading downwind towards NE ---
2026-06-30 15:33:51,023 [INFO] All 120 telemetry intervals successfully calculated and buffered.
2026-06-30 15:33:51,023 [INFO] Flushing full historical payload burst to Aiven cloud broker...
2026-06-30 15:33:51,863 [INFO] Data injection phase complete. Producer context offline.
2026-06-30 18:59:45,936 [INFO] Connecting to a secure cloud-managed Aiven Kafka instance...
2026-06-30 18:59:46,724 [INFO] Meteorological context sync: Wind blowing towards downwind sector NE (230° raw input).
2026-06-30 18:59:46,730 [INFO] Simulating telemetry window: 12:59:46 to 14:59:46
2026-06-30 18:59:46,733 [INFO] --- [PLUME TRANSIENT INTERCEPT] Vapor breakthrough simulated heading downwind towards NE ---
2026-06-30 18:59:46,735 [INFO] --- [PLUME TRANSIENT RESOLVED] Vapor concentrations returned to environmental baseline. ---
2026-06-30 18:59:46,738 [INFO] --- [PLUME TRANSIENT INTERCEPT] Vapor breakthrough simulated heading downwind towards NE ---
2026-06-30 18:59:46,740 [INFO] --- [PLUME TRANSIENT RESOLVED] Vapor concentrations returned to environmental baseline. ---
2026-06-30 18:59:46,740 [INFO] All 120 telemetry intervals successfully calculated and buffered.
2026-06-30 18:59:46,741 [INFO] Flushing full historical payload burst to Aiven cloud broker...
2026-06-30 18:59:47,560 [INFO] Data injection phase complete. Producer context offline.
2026-07-01 12:11:46,416 [INFO] Connecting to a secure cloud-managed Aiven Kafka instance...
2026-07-01 12:11:47,129 [INFO] Meteorological context sync: Wind blowing towards downwind sector NE (219° raw input).
2026-07-01 12:11:47,131 [INFO] Simulating telemetry window: 06:11:47 to 08:11:47
2026-07-01 12:11:47,132 [INFO] --- [PLUME TRANSIENT INTERCEPT] Vapor breakthrough simulated heading downwind towards NE ---
2026-07-01 12:11:47,134 [INFO] --- [PLUME TRANSIENT RESOLVED] Vapor concentrations returned to environmental baseline. ---
2026-07-01 12:11:47,137 [INFO] --- [PLUME TRANSIENT INTERCEPT] Vapor breakthrough simulated heading downwind towards NE ---
2026-07-01 12:11:47,139 [INFO] --- [PLUME TRANSIENT RESOLVED] Vapor concentrations returned to environmental baseline. ---
2026-07-01 12:11:47,144 [INFO] All 120 telemetry intervals successfully calculated and buffered.
2026-07-01 12:11:47,144 [INFO] Flushing full historical payload burst to Aiven cloud broker...
2026-07-01 12:11:48,126 [INFO] Data injection phase complete. Producer context offline.
2026-07-01 15:46:38,161 [INFO] Connecting to a secure cloud-managed Aiven Kafka instance...
2026-07-01 15:46:38,847 [INFO] Meteorological context sync: Wind blowing towards downwind sector NE (221° raw input).
2026-07-01 15:46:38,853 [INFO] Simulating telemetry window: 09:46:38 to 11:46:38
2026-07-01 15:46:38,858 [INFO] --- [PLUME TRANSIENT INTERCEPT] Vapor breakthrough simulated heading downwind towards NE ---
2026-07-01 15:46:38,860 [INFO] --- [PLUME TRANSIENT RESOLVED] Vapor concentrations returned to environmental baseline. ---
2026-07-01 15:46:38,862 [INFO] --- [PLUME TRANSIENT INTERCEPT] Vapor breakthrough simulated heading downwind towards NE ---
2026-07-01 15:46:38,863 [INFO] All 120 telemetry intervals successfully calculated and buffered.
2026-07-01 15:46:38,863 [INFO] Flushing full historical payload burst to Aiven cloud broker...
2026-07-01 15:46:39,655 [INFO] Data injection phase complete. Producer context offline.
2026-07-01 19:00:54,817 [INFO] Connecting to a secure cloud-managed Aiven Kafka instance...
2026-07-01 19:00:55,512 [INFO] Meteorological context sync: Wind blowing towards downwind sector NE (222° raw input).
2026-07-01 19:00:55,517 [INFO] Simulating telemetry window: 13:00:55 to 15:00:55
2026-07-01 19:00:55,527 [INFO] All 120 telemetry intervals successfully calculated and buffered.
2026-07-01 19:00:55,527 [INFO] Flushing full historical payload burst to Aiven cloud broker...
2026-07-01 19:00:56,468 [INFO] Data injection phase complete. Producer context offline.
2026-07-02 11:37:50,927 [INFO] Connecting to a secure cloud-managed Aiven Kafka instance...
2026-07-02 11:37:51,701 [INFO] Meteorological context sync: Wind blowing towards downwind sector NE (224° raw input).
2026-07-02 11:37:51,724 [INFO] Simulating telemetry window: 05:37:51 to 07:37:51
2026-07-02 11:37:51,727 [INFO] --- [PLUME TRANSIENT INTERCEPT] Vapor breakthrough simulated heading downwind towards NE ---
2026-07-02 11:37:51,729 [INFO] --- [PLUME TRANSIENT RESOLVED] Vapor concentrations returned to environmental baseline. ---
2026-07-02 11:37:51,730 [INFO] --- [PLUME TRANSIENT INTERCEPT] Vapor breakthrough simulated heading downwind towards NE ---
2026-07-02 11:37:51,732 [INFO] --- [PLUME TRANSIENT RESOLVED] Vapor concentrations returned to environmental baseline. ---
2026-07-02 11:37:51,732 [INFO] All 120 telemetry intervals successfully calculated and buffered.
2026-07-02 11:37:51,732 [INFO] Flushing full historical payload burst to Aiven cloud broker...
2026-07-02 11:37:52,823 [INFO] Data injection phase complete. Producer context offline.
2026-07-02 15:20:56,225 [INFO] Connecting to a secure cloud-managed Aiven Kafka instance...
2026-07-02 15:20:56,731 [INFO] Meteorological context sync: Wind blowing towards downwind sector NE (220° raw input).
2026-07-02 15:20:56,732 [INFO] Simulating telemetry window: 09:20:56 to 11:20:56
2026-07-02 15:20:56,733 [INFO] --- [PLUME TRANSIENT INTERCEPT] Vapor breakthrough simulated heading downwind towards NE ---
2026-07-02 15:20:56,735 [INFO] --- [PLUME TRANSIENT RESOLVED] Vapor concentrations returned to environmental baseline. ---
2026-07-02 15:20:56,741 [INFO] --- [PLUME TRANSIENT INTERCEPT] Vapor breakthrough simulated heading downwind towards NE ---
2026-07-02 15:20:56,742 [INFO] All 120 telemetry intervals successfully calculated and buffered.
2026-07-02 15:20:56,742 [INFO] Flushing full historical payload burst to Aiven cloud broker...
2026-07-02 15:20:57,550 [INFO] Data injection phase complete. Producer context offline.
2026-07-02 18:38:58,095 [INFO] Connecting to a secure cloud-managed Aiven Kafka instance...
2026-07-02 18:38:58,492 [INFO] Meteorological context sync: Wind blowing towards downwind sector NE (225° raw input).
2026-07-02 18:38:58,498 [INFO] Simulating telemetry window: 12:38:58 to 14:38:58
2026-07-02 18:38:58,499 [INFO] --- [PLUME TRANSIENT INTERCEPT] Vapor breakthrough simulated heading downwind towards NE ---
2026-07-02 18:38:58,502 [INFO] --- [PLUME TRANSIENT RESOLVED] Vapor concentrations returned to environmental baseline. ---
2026-07-02 18:38:58,505 [INFO] --- [PLUME TRANSIENT INTERCEPT] Vapor breakthrough simulated heading downwind towards NE ---
2026-07-02 18:38:58,508 [INFO] --- [PLUME TRANSIENT RESOLVED] Vapor concentrations returned to environmental baseline. ---
2026-07-02 18:38:58,508 [INFO] --- [PLUME TRANSIENT INTERCEPT] Vapor breakthrough simulated heading downwind towards NE ---
2026-07-02 18:38:58,509 [INFO] --- [PLUME TRANSIENT RESOLVED] Vapor concentrations returned to environmental baseline. ---
2026-07-02 18:38:58,509 [INFO] --- [PLUME TRANSIENT INTERCEPT] Vapor breakthrough simulated heading downwind towards NE ---
2026-07-02 18:38:58,510 [INFO] All 120 telemetry intervals successfully calculated and buffered.
2026-07-02 18:38:58,511 [INFO] Flushing full historical payload burst to Aiven cloud broker...
2026-07-02 18:38:59,275 [INFO] Data injection phase complete. Producer context offline.
2026-07-03 11:36:24,703 [INFO] Connecting to a secure cloud-managed Aiven Kafka instance...
2026-07-03 11:36:25,526 [INFO] Meteorological context sync: Wind blowing towards downwind sector NE (227° raw input).
2026-07-03 11:36:25,531 [INFO] Simulating telemetry window: 05:36:25 to 07:36:25
2026-07-03 11:36:25,532 [INFO] --- [PLUME TRANSIENT INTERCEPT] Vapor breakthrough simulated heading downwind towards NE ---
2026-07-03 11:36:25,534 [INFO] --- [PLUME TRANSIENT RESOLVED] Vapor concentrations returned to environmental baseline. ---
2026-07-03 11:36:25,538 [INFO] --- [PLUME TRANSIENT INTERCEPT] Vapor breakthrough simulated heading downwind towards NE ---
2026-07-03 11:36:25,540 [INFO] --- [PLUME TRANSIENT RESOLVED] Vapor concentrations returned to environmental baseline. ---
2026-07-03 11:36:25,540 [INFO] --- [PLUME TRANSIENT INTERCEPT] Vapor breakthrough simulated heading downwind towards NE ---
2026-07-03 11:36:25,541 [INFO] All 120 telemetry intervals successfully calculated and buffered.
2026-07-03 11:36:25,541 [INFO] Flushing full historical payload burst to Aiven cloud broker...
2026-07-03 11:36:26,659 [INFO] Data injection phase complete. Producer context offline.
2026-07-03 15:14:02,531 [INFO] Connecting to a secure cloud-managed Aiven Kafka instance...
2026-07-03 15:14:02,979 [INFO] Meteorological context sync: Wind blowing towards downwind sector NE (225° raw input).
2026-07-03 15:14:02,981 [INFO] Simulating telemetry window: 09:14:02 to 11:14:02
2026-07-03 15:14:02,982 [INFO] --- [PLUME TRANSIENT INTERCEPT] Vapor breakthrough simulated heading downwind towards NE ---
2026-07-03 15:14:02,984 [INFO] --- [PLUME TRANSIENT RESOLVED] Vapor concentrations returned to environmental baseline. ---
2026-07-03 15:14:02,987 [INFO] --- [PLUME TRANSIENT INTERCEPT] Vapor breakthrough simulated heading downwind towards NE ---
2026-07-03 15:14:02,989 [INFO] --- [PLUME TRANSIENT RESOLVED] Vapor concentrations returned to environmental baseline. ---
2026-07-03 15:14:02,991 [INFO] All 120 telemetry intervals successfully calculated and buffered.
2026-07-03 15:14:02,992 [INFO] Flushing full historical payload burst to Aiven cloud broker...
2026-07-03 15:14:03,733 [INFO] Data injection phase complete. Producer context offline.
2026-07-03 18:15:55,263 [INFO] Connecting to a secure cloud-managed Aiven Kafka instance...
2026-07-03 18:15:55,731 [INFO] Meteorological context sync: Wind blowing towards downwind sector NE (238° raw input).
2026-07-03 18:15:55,752 [INFO] Simulating telemetry window: 12:15:55 to 14:15:55
2026-07-03 18:15:55,753 [INFO] --- [PLUME TRANSIENT INTERCEPT] Vapor breakthrough simulated heading downwind towards NE ---
2026-07-03 18:15:55,755 [INFO] --- [PLUME TRANSIENT RESOLVED] Vapor concentrations returned to environmental baseline. ---
2026-07-03 18:15:55,756 [INFO] --- [PLUME TRANSIENT INTERCEPT] Vapor breakthrough simulated heading downwind towards NE ---
2026-07-03 18:15:55,757 [INFO] --- [PLUME TRANSIENT RESOLVED] Vapor concentrations returned to environmental baseline. ---
2026-07-03 18:15:55,758 [INFO] --- [PLUME TRANSIENT INTERCEPT] Vapor breakthrough simulated heading downwind towards NE ---
2026-07-03 18:15:55,760 [INFO] --- [PLUME TRANSIENT RESOLVED] Vapor concentrations returned to environmental baseline. ---
2026-07-03 18:15:55,761 [INFO] --- [PLUME TRANSIENT INTERCEPT] Vapor breakthrough simulated heading downwind towards NE ---
2026-07-03 18:15:55,763 [INFO] All 120 telemetry intervals successfully calculated and buffered.
2026-07-03 18:15:55,763 [INFO] Flushing full historical payload burst to Aiven cloud broker...
2026-07-03 18:15:56,830 [INFO] Data injection phase complete. Producer context offline.
2026-07-06 12:53:18,390 [INFO] Connecting to a secure cloud-managed Aiven Kafka instance...
2026-07-06 12:53:19,178 [INFO] Meteorological context sync: Wind blowing towards downwind sector SW (55° raw input).
2026-07-06 12:53:19,183 [INFO] Simulating telemetry window: 06:53:19 to 08:53:19
2026-07-06 12:53:19,189 [INFO] --- [PLUME TRANSIENT INTERCEPT] Vapor breakthrough simulated heading downwind towards SW ---
2026-07-06 12:53:19,191 [INFO] --- [PLUME TRANSIENT RESOLVED] Vapor concentrations returned to environmental baseline. ---
2026-07-06 12:53:19,192 [INFO] --- [PLUME TRANSIENT INTERCEPT] Vapor breakthrough simulated heading downwind towards SW ---
2026-07-06 12:53:19,193 [INFO] --- [PLUME TRANSIENT RESOLVED] Vapor concentrations returned to environmental baseline. ---
2026-07-06 12:53:19,194 [INFO] All 120 telemetry intervals successfully calculated and buffered.
2026-07-06 12:53:19,194 [INFO] Flushing full historical payload burst to Aiven cloud broker...
2026-07-06 12:53:20,448 [INFO] Data injection phase complete. Producer context offline.
2026-07-06 16:24:39,727 [INFO] Connecting to a secure cloud-managed Aiven Kafka instance...
2026-07-06 16:24:40,420 [INFO] Meteorological context sync: Wind blowing towards downwind sector NW (104° raw input).
2026-07-06 16:24:40,422 [INFO] Simulating telemetry window: 10:24:40 to 12:24:40
2026-07-06 16:24:40,432 [INFO] --- [PLUME TRANSIENT INTERCEPT] Vapor breakthrough simulated heading downwind towards NW ---
2026-07-06 16:24:40,436 [INFO] --- [PLUME TRANSIENT RESOLVED] Vapor concentrations returned to environmental baseline. ---
2026-07-06 16:24:40,438 [INFO] All 120 telemetry intervals successfully calculated and buffered.
2026-07-06 16:24:40,438 [INFO] Flushing full historical payload burst to Aiven cloud broker...
2026-07-06 16:24:41,302 [INFO] Data injection phase complete. Producer context offline.
2026-07-06 18:58:58,569 [INFO] Connecting to a secure cloud-managed Aiven Kafka instance...
2026-07-06 18:58:59,348 [INFO] Meteorological context sync: Wind blowing towards downwind sector SW (54° raw input).
2026-07-06 18:58:59,354 [INFO] Simulating telemetry window: 12:58:59 to 14:58:59
2026-07-06 18:58:59,356 [INFO] --- [PLUME TRANSIENT INTERCEPT] Vapor breakthrough simulated heading downwind towards SW ---
2026-07-06 18:58:59,358 [INFO] --- [PLUME TRANSIENT RESOLVED] Vapor concentrations returned to environmental baseline. ---
2026-07-06 18:58:59,364 [INFO] All 120 telemetry intervals successfully calculated and buffered.
2026-07-06 18:58:59,364 [INFO] Flushing full historical payload burst to Aiven cloud broker...
2026-07-06 18:59:00,318 [INFO] Data injection phase complete. Producer context offline.
2026-07-07 11:55:56,941 [INFO] Connecting to a secure cloud-managed Aiven Kafka instance...
2026-07-07 11:55:57,369 [INFO] Meteorological context sync: Wind blowing towards downwind sector SW (69° raw input).
2026-07-07 11:55:57,375 [INFO] Simulating telemetry window: 05:55:57 to 07:55:57
2026-07-07 11:55:57,376 [INFO] --- [PLUME TRANSIENT INTERCEPT] Vapor breakthrough simulated heading downwind towards SW ---
2026-07-07 11:55:57,378 [INFO] --- [PLUME TRANSIENT RESOLVED] Vapor concentrations returned to environmental baseline. ---
2026-07-07 11:55:57,385 [INFO] All 120 telemetry intervals successfully calculated and buffered.
2026-07-07 11:55:57,385 [INFO] Flushing full historical payload burst to Aiven cloud broker...
2026-07-07 11:55:58,000 [INFO] Data injection phase complete. Producer context offline.
2026-07-07 15:45:03,012 [INFO] Connecting to a secure cloud-managed Aiven Kafka instance...
2026-07-07 15:45:03,592 [INFO] Meteorological context sync: Wind blowing towards downwind sector SW (60° raw input).
2026-07-07 15:45:03,598 [INFO] Simulating telemetry window: 09:45:03 to 11:45:03
2026-07-07 15:45:03,600 [INFO] --- [PLUME TRANSIENT INTERCEPT] Vapor breakthrough simulated heading downwind towards SW ---
2026-07-07 15:45:03,602 [INFO] --- [PLUME TRANSIENT RESOLVED] Vapor concentrations returned to environmental baseline. ---
2026-07-07 15:45:03,604 [INFO] --- [PLUME TRANSIENT INTERCEPT] Vapor breakthrough simulated heading downwind towards SW ---
2026-07-07 15:45:03,606 [INFO] --- [PLUME TRANSIENT RESOLVED] Vapor concentrations returned to environmental baseline. ---
2026-07-07 15:45:03,607 [INFO] --- [PLUME TRANSIENT INTERCEPT] Vapor breakthrough simulated heading downwind towards SW ---
2026-07-07 15:45:03,608 [INFO] All 120 telemetry intervals successfully calculated and buffered.
2026-07-07 15:45:03,608 [INFO] Flushing full historical payload burst to Aiven cloud broker...
2026-07-07 15:45:04,338 [INFO] Data injection phase complete. Producer context offline.
2026-07-07 19:05:33,397 [INFO] Connecting to a secure cloud-managed Aiven Kafka instance...
2026-07-07 19:05:34,006 [INFO] Meteorological context sync: Wind blowing towards downwind sector SW (73° raw input).
2026-07-07 19:05:34,012 [INFO] Simulating telemetry window: 13:05:34 to 15:05:34
2026-07-07 19:05:34,014 [INFO] --- [PLUME TRANSIENT INTERCEPT] Vapor breakthrough simulated heading downwind towards SW ---
2026-07-07 19:05:34,015 [INFO] --- [PLUME TRANSIENT RESOLVED] Vapor concentrations returned to environmental baseline. ---
2026-07-07 19:05:34,017 [INFO] --- [PLUME TRANSIENT INTERCEPT] Vapor breakthrough simulated heading downwind towards SW ---
2026-07-07 19:05:34,019 [INFO] --- [PLUME TRANSIENT RESOLVED] Vapor concentrations returned to environmental baseline. ---
2026-07-07 19:05:34,019 [INFO] --- [PLUME TRANSIENT INTERCEPT] Vapor breakthrough simulated heading downwind towards SW ---
2026-07-07 19:05:34,021 [INFO] --- [PLUME TRANSIENT RESOLVED] Vapor concentrations returned to environmental baseline. ---
2026-07-07 19:05:34,022 [INFO] --- [PLUME TRANSIENT INTERCEPT] Vapor breakthrough simulated heading downwind towards SW ---
2026-07-07 19:05:34,022 [INFO] All 120 telemetry intervals successfully calculated and buffered.
2026-07-07 19:05:34,022 [INFO] Flushing full historical payload burst to Aiven cloud broker...
2026-07-07 19:05:35,159 [INFO] Data injection phase complete. Producer context offline.
2026-07-08 11:09:04,845 [INFO] Connecting to a secure cloud-managed Aiven Kafka instance...
2026-07-08 11:09:05,341 [INFO] Meteorological context sync: Wind blowing towards downwind sector NE (226° raw input).
2026-07-08 11:09:05,348 [INFO] Simulating telemetry window: 05:09:05 to 07:09:05
2026-07-08 11:09:05,349 [INFO] --- [PLUME TRANSIENT INTERCEPT] Vapor breakthrough simulated heading downwind towards NE ---
2026-07-08 11:09:05,352 [INFO] --- [PLUME TRANSIENT RESOLVED] Vapor concentrations returned to environmental baseline. ---
2026-07-08 11:09:05,358 [INFO] All 120 telemetry intervals successfully calculated and buffered.
2026-07-08 11:09:05,358 [INFO] Flushing full historical payload burst to Aiven cloud broker...
2026-07-08 11:09:05,836 [INFO] Data injection phase complete. Producer context offline.
2026-07-08 15:25:28,868 [INFO] Connecting to a secure cloud-managed Aiven Kafka instance...
2026-07-08 15:25:29,297 [INFO] Meteorological context sync: Wind blowing towards downwind sector NE (222° raw input).
2026-07-08 15:25:29,304 [INFO] Simulating telemetry window: 09:25:29 to 11:25:29
2026-07-08 15:25:29,308 [INFO] --- [PLUME TRANSIENT INTERCEPT] Vapor breakthrough simulated heading downwind towards NE ---
2026-07-08 15:25:29,312 [INFO] --- [PLUME TRANSIENT RESOLVED] Vapor concentrations returned to environmental baseline. ---
2026-07-08 15:25:29,312 [INFO] --- [PLUME TRANSIENT INTERCEPT] Vapor breakthrough simulated heading downwind towards NE ---
2026-07-08 15:25:29,317 [INFO] --- [PLUME TRANSIENT RESOLVED] Vapor concentrations returned to environmental baseline. ---
2026-07-08 15:25:29,318 [INFO] --- [PLUME TRANSIENT INTERCEPT] Vapor breakthrough simulated heading downwind towards NE ---
2026-07-08 15:25:29,321 [INFO] All 120 telemetry intervals successfully calculated and buffered.
2026-07-08 15:25:29,321 [INFO] Flushing full historical payload burst to Aiven cloud broker...
2026-07-08 15:25:29,573 [INFO] Data injection phase complete. Producer context offline.
2026-07-08 18:21:35,408 [INFO] Connecting to a secure cloud-managed Aiven Kafka instance...
2026-07-08 18:21:36,126 [INFO] Meteorological context sync: Wind blowing towards downwind sector NE (224° raw input).
2026-07-08 18:21:36,128 [INFO] Simulating telemetry window: 12:21:36 to 14:21:36
2026-07-08 18:21:36,128 [INFO] --- [PLUME TRANSIENT INTERCEPT] Vapor breakthrough simulated heading downwind towards NE ---
2026-07-08 18:21:36,129 [INFO] --- [PLUME TRANSIENT RESOLVED] Vapor concentrations returned to environmental baseline. ---
2026-07-08 18:21:36,134 [INFO] --- [PLUME TRANSIENT INTERCEPT] Vapor breakthrough simulated heading downwind towards NE ---
2026-07-08 18:21:36,135 [INFO] All 120 telemetry intervals successfully calculated and buffered.
2026-07-08 18:21:36,135 [INFO] Flushing full historical payload burst to Aiven cloud broker...
2026-07-08 18:21:37,231 [INFO] Data injection phase complete. Producer context offline.
2026-07-09 12:10:19,775 [INFO] Connecting to a secure cloud-managed Aiven Kafka instance...
2026-07-09 12:10:20,477 [INFO] Meteorological context sync: Wind blowing towards downwind sector NE (222° raw input).
2026-07-09 12:10:20,478 [INFO] Simulating telemetry window: 06:10:20 to 08:10:20
2026-07-09 12:10:20,482 [INFO] --- [PLUME TRANSIENT INTERCEPT] Vapor breakthrough simulated heading downwind towards NE ---
2026-07-09 12:10:20,483 [INFO] --- [PLUME TRANSIENT RESOLVED] Vapor concentrations returned to environmental baseline. ---
2026-07-09 12:10:20,484 [INFO] --- [PLUME TRANSIENT INTERCEPT] Vapor breakthrough simulated heading downwind towards NE ---
2026-07-09 12:10:20,486 [INFO] --- [PLUME TRANSIENT RESOLVED] Vapor concentrations returned to environmental baseline. ---
2026-07-09 12:10:20,486 [INFO] All 120 telemetry intervals successfully calculated and buffered.
2026-07-09 12:10:20,486 [INFO] Flushing full historical payload burst to Aiven cloud broker...
2026-07-09 12:10:21,334 [INFO] Data injection phase complete. Producer context offline.
2026-07-09 16:02:50,698 [INFO] Connecting to a secure cloud-managed Aiven Kafka instance...
2026-07-09 16:02:51,187 [INFO] Meteorological context sync: Wind blowing towards downwind sector NE (231° raw input).
2026-07-09 16:02:51,188 [INFO] Simulating telemetry window: 10:02:51 to 12:02:51
2026-07-09 16:02:51,190 [INFO] --- [PLUME TRANSIENT INTERCEPT] Vapor breakthrough simulated heading downwind towards NE ---
2026-07-09 16:02:51,193 [INFO] --- [PLUME TRANSIENT RESOLVED] Vapor concentrations returned to environmental baseline. ---
2026-07-09 16:02:51,197 [INFO] --- [PLUME TRANSIENT INTERCEPT] Vapor breakthrough simulated heading downwind towards NE ---
2026-07-09 16:02:51,198 [INFO] All 120 telemetry intervals successfully calculated and buffered.
2026-07-09 16:02:51,198 [INFO] Flushing full historical payload burst to Aiven cloud broker...
2026-07-09 16:02:52,102 [INFO] Data injection phase complete. Producer context offline.
2026-07-09 18:52:09,129 [INFO] Connecting to a secure cloud-managed Aiven Kafka instance...
2026-07-09 18:52:09,750 [INFO] Meteorological context sync: Wind blowing towards downwind sector SE (305° raw input).
2026-07-09 18:52:09,760 [INFO] Simulating telemetry window: 12:52:09 to 14:52:09
2026-07-09 18:52:09,762 [INFO] --- [PLUME TRANSIENT INTERCEPT] Vapor breakthrough simulated heading downwind towards SE ---
2026-07-09 18:52:09,763 [INFO] --- [PLUME TRANSIENT RESOLVED] Vapor concentrations returned to environmental baseline. ---
2026-07-09 18:52:09,765 [INFO] --- [PLUME TRANSIENT INTERCEPT] Vapor breakthrough simulated heading downwind towards SE ---
2026-07-09 18:52:09,766 [INFO] --- [PLUME TRANSIENT RESOLVED] Vapor concentrations returned to environmental baseline. ---
2026-07-09 18:52:09,769 [INFO] --- [PLUME TRANSIENT INTERCEPT] Vapor breakthrough simulated heading downwind towards SE ---
2026-07-09 18:52:09,770 [INFO] All 120 telemetry intervals successfully calculated and buffered.
2026-07-09 18:52:09,770 [INFO] Flushing full historical payload burst to Aiven cloud broker...
2026-07-09 18:52:10,713 [INFO] Data injection phase complete. Producer context offline.
2026-07-10 11:56:41,791 [INFO] Connecting to a secure cloud-managed Aiven Kafka instance...
2026-07-10 11:56:42,435 [INFO] Meteorological context sync: Wind blowing towards downwind sector SE (284° raw input).
2026-07-10 11:56:42,442 [INFO] Simulating telemetry window: 05:56:42 to 07:56:42
2026-07-10 11:56:42,447 [INFO] --- [PLUME TRANSIENT INTERCEPT] Vapor breakthrough simulated heading downwind towards SE ---
2026-07-10 11:56:42,448 [INFO] --- [PLUME TRANSIENT RESOLVED] Vapor concentrations returned to environmental baseline. ---
2026-07-10 11:56:42,448 [INFO] --- [PLUME TRANSIENT INTERCEPT] Vapor breakthrough simulated heading downwind towards SE ---
2026-07-10 11:56:42,449 [INFO] All 120 telemetry intervals successfully calculated and buffered.
2026-07-10 11:56:42,449 [INFO] Flushing full historical payload burst to Aiven cloud broker...
2026-07-10 11:56:43,756 [INFO] Data injection phase complete. Producer context offline.
2026-07-10 15:34:02,196 [INFO] Connecting to a secure cloud-managed Aiven Kafka instance...
2026-07-10 15:34:02,714 [INFO] Meteorological context sync: Wind blowing towards downwind sector SE (345° raw input).
2026-07-10 15:34:02,715 [INFO] Simulating telemetry window: 09:34:02 to 11:34:02
2026-07-10 15:34:02,716 [INFO] --- [PLUME TRANSIENT INTERCEPT] Vapor breakthrough simulated heading downwind towards SE ---
2026-07-10 15:34:02,717 [INFO] --- [PLUME TRANSIENT RESOLVED] Vapor concentrations returned to environmental baseline. ---
2026-07-10 15:34:02,733 [INFO] All 120 telemetry intervals successfully calculated and buffered.
2026-07-10 15:34:02,733 [INFO] Flushing full historical payload burst to Aiven cloud broker...
2026-07-10 15:34:03,416 [INFO] Data injection phase complete. Producer context offline.
2026-07-10 18:24:55,191 [INFO] Connecting to a secure cloud-managed Aiven Kafka instance...
2026-07-10 18:24:55,815 [INFO] Meteorological context sync: Wind blowing towards downwind sector S (360° raw input).
2026-07-10 18:24:55,817 [INFO] Simulating telemetry window: 12:24:55 to 14:24:55
2026-07-10 18:24:55,817 [INFO] --- [PLUME TRANSIENT INTERCEPT] Vapor breakthrough simulated heading downwind towards S ---
2026-07-10 18:24:55,819 [INFO] --- [PLUME TRANSIENT RESOLVED] Vapor concentrations returned to environmental baseline. ---
2026-07-10 18:24:55,819 [INFO] --- [PLUME TRANSIENT INTERCEPT] Vapor breakthrough simulated heading downwind towards S ---
2026-07-10 18:24:55,822 [INFO] --- [PLUME TRANSIENT RESOLVED] Vapor concentrations returned to environmental baseline. ---
2026-07-10 18:24:55,824 [INFO] --- [PLUME TRANSIENT INTERCEPT] Vapor breakthrough simulated heading downwind towards S ---
2026-07-10 18:24:55,827 [INFO] --- [PLUME TRANSIENT RESOLVED] Vapor concentrations returned to environmental baseline. ---
2026-07-10 18:24:55,828 [INFO] --- [PLUME TRANSIENT INTERCEPT] Vapor breakthrough simulated heading downwind towards S ---
2026-07-10 18:24:55,829 [INFO] All 120 telemetry intervals successfully calculated and buffered.
2026-07-10 18:24:55,829 [INFO] Flushing full historical payload burst to Aiven cloud broker...
2026-07-10 18:24:56,834 [INFO] Data injection phase complete. Producer context offline.
2026-07-13 12:11:00,567 [INFO] Connecting to a secure cloud-managed Aiven Kafka instance...
2026-07-13 12:11:01,203 [INFO] Meteorological context sync: Wind blowing towards downwind sector NE (214° raw input).
2026-07-13 12:11:01,205 [INFO] Simulating telemetry window: 06:11:01 to 08:11:01
2026-07-13 12:11:01,206 [INFO] --- [PLUME TRANSIENT INTERCEPT] Vapor breakthrough simulated heading downwind towards NE ---
2026-07-13 12:11:01,208 [INFO] --- [PLUME TRANSIENT RESOLVED] Vapor concentrations returned to environmental baseline. ---
2026-07-13 12:11:01,208 [INFO] --- [PLUME TRANSIENT INTERCEPT] Vapor breakthrough simulated heading downwind towards NE ---
2026-07-13 12:11:01,211 [INFO] --- [PLUME TRANSIENT RESOLVED] Vapor concentrations returned to environmental baseline. ---
2026-07-13 12:11:01,213 [INFO] --- [PLUME TRANSIENT INTERCEPT] Vapor breakthrough simulated heading downwind towards NE ---
2026-07-13 12:11:01,215 [INFO] --- [PLUME TRANSIENT RESOLVED] Vapor concentrations returned to environmental baseline. ---
2026-07-13 12:11:01,216 [INFO] --- [PLUME TRANSIENT INTERCEPT] Vapor breakthrough simulated heading downwind towards NE ---
2026-07-13 12:11:01,217 [INFO] All 120 telemetry intervals successfully calculated and buffered.
2026-07-13 12:11:01,217 [INFO] Flushing full historical payload burst to Aiven cloud broker...
2026-07-13 12:11:02,694 [INFO] Data injection phase complete. Producer context offline.
2026-07-13 15:44:24,875 [INFO] Connecting to a secure cloud-managed Aiven Kafka instance...
2026-07-13 15:44:25,496 [INFO] Meteorological context sync: Wind blowing towards downwind sector NE (227° raw input).
2026-07-13 15:44:25,501 [INFO] Simulating telemetry window: 09:44:25 to 11:44:25
2026-07-13 15:44:25,509 [INFO] All 120 telemetry intervals successfully calculated and buffered.
2026-07-13 15:44:25,509 [INFO] Flushing full historical payload burst to Aiven cloud broker...
2026-07-13 15:44:26,614 [INFO] Data injection phase complete. Producer context offline.
2026-07-13 18:46:23,703 [INFO] Connecting to a secure cloud-managed Aiven Kafka instance...
2026-07-13 18:46:24,350 [INFO] Meteorological context sync: Wind blowing towards downwind sector NE (222° raw input).
2026-07-13 18:46:24,357 [INFO] Simulating telemetry window: 12:46:24 to 14:46:24
2026-07-13 18:46:24,357 [INFO] --- [PLUME TRANSIENT INTERCEPT] Vapor breakthrough simulated heading downwind towards NE ---
2026-07-13 18:46:24,360 [INFO] --- [PLUME TRANSIENT RESOLVED] Vapor concentrations returned to environmental baseline. ---
2026-07-13 18:46:24,361 [INFO] --- [PLUME TRANSIENT INTERCEPT] Vapor breakthrough simulated heading downwind towards NE ---
2026-07-13 18:46:24,364 [INFO] --- [PLUME TRANSIENT RESOLVED] Vapor concentrations returned to environmental baseline. ---
2026-07-13 18:46:24,365 [INFO] --- [PLUME TRANSIENT INTERCEPT] Vapor breakthrough simulated heading downwind towards NE ---
2026-07-13 18:46:24,366 [INFO] --- [PLUME TRANSIENT RESOLVED] Vapor concentrations returned to environmental baseline. ---
2026-07-13 18:46:24,368 [INFO] All 120 telemetry intervals successfully calculated and buffered.
2026-07-13 18:46:24,368 [INFO] Flushing full historical payload burst to Aiven cloud broker...
2026-07-13 18:46:25,419 [INFO] Data injection phase complete. Producer context offline.
2026-07-14 10:51:28,342 [INFO] Connecting to a secure cloud-managed Aiven Kafka instance...
2026-07-14 10:51:28,785 [INFO] Meteorological context sync: Wind blowing towards downwind sector NE (230° raw input).
2026-07-14 10:51:28,786 [INFO] Simulating telemetry window: 04:51:28 to 06:51:28
2026-07-14 10:51:28,788 [INFO] --- [PLUME TRANSIENT INTERCEPT] Vapor breakthrough simulated heading downwind towards NE ---
2026-07-14 10:51:28,791 [INFO] --- [PLUME TRANSIENT RESOLVED] Vapor concentrations returned to environmental baseline. ---
2026-07-14 10:51:28,791 [INFO] --- [PLUME TRANSIENT INTERCEPT] Vapor breakthrough simulated heading downwind towards NE ---
2026-07-14 10:51:28,793 [INFO] --- [PLUME TRANSIENT RESOLVED] Vapor concentrations returned to environmental baseline. ---
2026-07-14 10:51:28,797 [INFO] All 120 telemetry intervals successfully calculated and buffered.
2026-07-14 10:51:28,797 [INFO] Flushing full historical payload burst to Aiven cloud broker...
2026-07-14 10:51:29,916 [INFO] Data injection phase complete. Producer context offline.
2026-07-14 12:18:01,694 [INFO] Connecting to a secure cloud-managed Aiven Kafka instance...
2026-07-14 12:18:02,422 [INFO] Meteorological context sync: Wind blowing towards downwind sector NE (226° raw input).
2026-07-14 12:18:02,430 [INFO] Simulating telemetry window: 06:18:02 to 08:18:02
2026-07-14 12:18:02,431 [INFO] --- [PLUME TRANSIENT INTERCEPT] Vapor breakthrough simulated heading downwind towards NE ---
2026-07-14 12:18:02,433 [INFO] --- [PLUME TRANSIENT RESOLVED] Vapor concentrations returned to environmental baseline. ---
2026-07-14 12:18:02,439 [INFO] All 120 telemetry intervals successfully calculated and buffered.
2026-07-14 12:18:02,439 [INFO] Flushing full historical payload burst to Aiven cloud broker...
2026-07-14 12:18:02,980 [INFO] Data injection phase complete. Producer context offline.
2026-07-14 14:57:18,492 [INFO] Connecting to a secure cloud-managed Aiven Kafka instance...
2026-07-14 14:57:18,941 [INFO] Meteorological context sync: Wind blowing towards downwind sector NE (230° raw input).
2026-07-14 14:57:18,942 [INFO] Simulating telemetry window: 08:57:18 to 10:57:18
2026-07-14 14:57:18,944 [INFO] --- [PLUME TRANSIENT INTERCEPT] Vapor breakthrough simulated heading downwind towards NE ---
2026-07-14 14:57:18,947 [INFO] --- [PLUME TRANSIENT RESOLVED] Vapor concentrations returned to environmental baseline. ---
2026-07-14 14:57:18,952 [INFO] --- [PLUME TRANSIENT INTERCEPT] Vapor breakthrough simulated heading downwind towards NE ---
2026-07-14 14:57:18,953 [INFO] All 120 telemetry intervals successfully calculated and buffered.
2026-07-14 14:57:18,953 [INFO] Flushing full historical payload burst to Aiven cloud broker...
2026-07-14 14:57:19,847 [INFO] Data injection phase complete. Producer context offline.
2026-07-14 16:22:13,457 [INFO] Connecting to a secure cloud-managed Aiven Kafka instance...
2026-07-14 16:22:14,023 [INFO] Meteorological context sync: Wind blowing towards downwind sector NE (228° raw input).
2026-07-14 16:22:14,031 [INFO] Simulating telemetry window: 10:22:14 to 12:22:14
2026-07-14 16:22:14,032 [INFO] --- [PLUME TRANSIENT INTERCEPT] Vapor breakthrough simulated heading downwind towards NE ---
2026-07-14 16:22:14,034 [INFO] --- [PLUME TRANSIENT RESOLVED] Vapor concentrations returned to environmental baseline. ---
2026-07-14 16:22:14,036 [INFO] --- [PLUME TRANSIENT INTERCEPT] Vapor breakthrough simulated heading downwind towards NE ---
2026-07-14 16:22:14,039 [INFO] --- [PLUME TRANSIENT RESOLVED] Vapor concentrations returned to environmental baseline. ---
2026-07-14 16:22:14,040 [INFO] --- [PLUME TRANSIENT INTERCEPT] Vapor breakthrough simulated heading downwind towards NE ---
2026-07-14 16:22:14,040 [INFO] All 120 telemetry intervals successfully calculated and buffered.
2026-07-14 16:22:14,041 [INFO] Flushing full historical payload burst to Aiven cloud broker...
2026-07-14 16:22:14,835 [INFO] Data injection phase complete. Producer context offline.
2026-07-14 18:08:01,773 [INFO] Connecting to a secure cloud-managed Aiven Kafka instance...
2026-07-14 18:08:02,264 [INFO] Meteorological context sync: Wind blowing towards downwind sector NE (232° raw input).
2026-07-14 18:08:02,266 [INFO] Simulating telemetry window: 12:08:02 to 14:08:02
2026-07-14 18:08:02,267 [INFO] --- [PLUME TRANSIENT INTERCEPT] Vapor breakthrough simulated heading downwind towards NE ---
2026-07-14 18:08:02,269 [INFO] --- [PLUME TRANSIENT RESOLVED] Vapor concentrations returned to environmental baseline. ---
2026-07-14 18:08:02,276 [INFO] All 120 telemetry intervals successfully calculated and buffered.
2026-07-14 18:08:02,276 [INFO] Flushing full historical payload burst to Aiven cloud broker...
2026-07-14 18:08:03,086 [INFO] Data injection phase complete. Producer context offline.
2026-07-15 10:55:01,109 [INFO] Connecting to a secure cloud-managed Aiven Kafka instance...
2026-07-15 10:55:01,537 [INFO] Meteorological context sync: Wind blowing towards downwind sector NE (223° raw input).
2026-07-15 10:55:01,538 [INFO] Simulating telemetry window: 04:55:01 to 06:55:01
2026-07-15 10:55:01,543 [INFO] --- [PLUME TRANSIENT INTERCEPT] Vapor breakthrough simulated heading downwind towards NE ---
2026-07-15 10:55:01,545 [INFO] --- [PLUME TRANSIENT RESOLVED] Vapor concentrations returned to environmental baseline. ---
2026-07-15 10:55:01,548 [INFO] All 120 telemetry intervals successfully calculated and buffered.
2026-07-15 10:55:01,548 [INFO] Flushing full historical payload burst to Aiven cloud broker...
2026-07-15 10:55:02,752 [INFO] Data injection phase complete. Producer context offline.
2026-07-15 12:19:30,125 [INFO] Connecting to a secure cloud-managed Aiven Kafka instance...
2026-07-15 12:19:30,543 [INFO] Meteorological context sync: Wind blowing towards downwind sector NE (223° raw input).
2026-07-15 12:19:30,551 [INFO] Simulating telemetry window: 06:19:30 to 08:19:30
2026-07-15 12:19:30,553 [INFO] --- [PLUME TRANSIENT INTERCEPT] Vapor breakthrough simulated heading downwind towards NE ---
2026-07-15 12:19:30,555 [INFO] --- [PLUME TRANSIENT RESOLVED] Vapor concentrations returned to environmental baseline. ---
2026-07-15 12:19:30,560 [INFO] --- [PLUME TRANSIENT INTERCEPT] Vapor breakthrough simulated heading downwind towards NE ---
2026-07-15 12:19:30,561 [INFO] All 120 telemetry intervals successfully calculated and buffered.
2026-07-15 12:19:30,561 [INFO] Flushing full historical payload burst to Aiven cloud broker...
2026-07-15 12:19:31,527 [INFO] Data injection phase complete. Producer context offline.
2026-07-15 14:56:37,081 [INFO] Connecting to a secure cloud-managed Aiven Kafka instance...
2026-07-15 14:56:37,800 [INFO] Meteorological context sync: Wind blowing towards downwind sector NE (230° raw input).
2026-07-15 14:56:37,808 [INFO] Simulating telemetry window: 08:56:37 to 10:56:37
2026-07-15 14:56:37,810 [INFO] --- [PLUME TRANSIENT INTERCEPT] Vapor breakthrough simulated heading downwind towards NE ---
2026-07-15 14:56:37,812 [INFO] --- [PLUME TRANSIENT RESOLVED] Vapor concentrations returned to environmental baseline. ---
2026-07-15 14:56:37,814 [INFO] --- [PLUME TRANSIENT INTERCEPT] Vapor breakthrough simulated heading downwind towards NE ---
2026-07-15 14:56:37,817 [INFO] --- [PLUME TRANSIENT RESOLVED] Vapor concentrations returned to environmental baseline. ---
2026-07-15 14:56:37,818 [INFO] --- [PLUME TRANSIENT INTERCEPT] Vapor breakthrough simulated heading downwind towards NE ---
2026-07-15 14:56:37,819 [INFO] All 120 telemetry intervals successfully calculated and buffered.
2026-07-15 14:56:37,819 [INFO] Flushing full historical payload burst to Aiven cloud broker...
2026-07-15 14:56:38,895 [INFO] Data injection phase complete. Producer context offline.
2026-07-15 16:39:23,523 [INFO] Connecting to a secure cloud-managed Aiven Kafka instance...
2026-07-15 16:39:24,169 [INFO] Meteorological context sync: Wind blowing towards downwind sector SE (328° raw input).
2026-07-15 16:39:24,171 [INFO] Simulating telemetry window: 10:39:24 to 12:39:24
2026-07-15 16:39:24,175 [INFO] --- [PLUME TRANSIENT INTERCEPT] Vapor breakthrough simulated heading downwind towards SE ---
2026-07-15 16:39:24,178 [INFO] --- [PLUME TRANSIENT RESOLVED] Vapor concentrations returned to environmental baseline. ---
2026-07-15 16:39:24,180 [INFO] --- [PLUME TRANSIENT INTERCEPT] Vapor breakthrough simulated heading downwind towards SE ---
2026-07-15 16:39:24,182 [INFO] --- [PLUME TRANSIENT RESOLVED] Vapor concentrations returned to environmental baseline. ---
2026-07-15 16:39:24,183 [INFO] All 120 telemetry intervals successfully calculated and buffered.
2026-07-15 16:39:24,183 [INFO] Flushing full historical payload burst to Aiven cloud broker...
2026-07-15 16:39:24,907 [INFO] Data injection phase complete. Producer context offline.
2026-07-15 18:12:14,101 [INFO] Connecting to a secure cloud-managed Aiven Kafka instance...
2026-07-15 18:12:14,813 [INFO] Meteorological context sync: Wind blowing towards downwind sector S (355° raw input).
2026-07-15 18:12:14,869 [INFO] Simulating telemetry window: 12:12:14 to 14:12:14
2026-07-15 18:12:14,871 [INFO] --- [PLUME TRANSIENT INTERCEPT] Vapor breakthrough simulated heading downwind towards S ---
2026-07-15 18:12:14,873 [INFO] --- [PLUME TRANSIENT RESOLVED] Vapor concentrations returned to environmental baseline. ---
2026-07-15 18:12:14,873 [INFO] --- [PLUME TRANSIENT INTERCEPT] Vapor breakthrough simulated heading downwind towards S ---
2026-07-15 18:12:14,874 [INFO] --- [PLUME TRANSIENT RESOLVED] Vapor concentrations returned to environmental baseline. ---
2026-07-15 18:12:14,875 [INFO] All 120 telemetry intervals successfully calculated and buffered.
2026-07-15 18:12:14,875 [INFO] Flushing full historical payload burst to Aiven cloud broker...
2026-07-15 18:12:15,821 [INFO] Data injection phase complete. Producer context offline.
2026-07-16 11:04:06,020 [INFO] Connecting to a secure cloud-managed Aiven Kafka instance...
2026-07-16 11:04:06,596 [INFO] Meteorological context sync: Wind blowing towards downwind sector SE (308° raw input).
2026-07-16 11:04:06,603 [INFO] Simulating telemetry window: 05:04:06 to 07:04:06
2026-07-16 11:04:06,605 [INFO] --- [PLUME TRANSIENT INTERCEPT] Vapor breakthrough simulated heading downwind towards SE ---
2026-07-16 11:04:06,608 [INFO] --- [PLUME TRANSIENT RESOLVED] Vapor concentrations returned to environmental baseline. ---
2026-07-16 11:04:06,608 [INFO] --- [PLUME TRANSIENT INTERCEPT] Vapor breakthrough simulated heading downwind towards SE ---
2026-07-16 11:04:06,609 [INFO] --- [PLUME TRANSIENT RESOLVED] Vapor concentrations returned to environmental baseline. ---
2026-07-16 11:04:06,611 [INFO] --- [PLUME TRANSIENT INTERCEPT] Vapor breakthrough simulated heading downwind towards SE ---
2026-07-16 11:04:06,613 [INFO] All 120 telemetry intervals successfully calculated and buffered.
2026-07-16 11:04:06,613 [INFO] Flushing full historical payload burst to Aiven cloud broker...
2026-07-16 11:04:07,453 [INFO] Data injection phase complete. Producer context offline.
2026-07-16 15:06:52,179 [INFO] Connecting to a secure cloud-managed Aiven Kafka instance...
2026-07-16 15:06:52,594 [INFO] Meteorological context sync: Wind blowing towards downwind sector SE (318° raw input).
2026-07-16 15:06:52,613 [INFO] Simulating telemetry window: 09:06:52 to 11:06:52
2026-07-16 15:06:52,621 [INFO] --- [PLUME TRANSIENT INTERCEPT] Vapor breakthrough simulated heading downwind towards SE ---
2026-07-16 15:06:52,622 [INFO] All 120 telemetry intervals successfully calculated and buffered.
2026-07-16 15:06:52,623 [INFO] Flushing full historical payload burst to Aiven cloud broker...
2026-07-16 15:06:53,373 [INFO] Data injection phase complete. Producer context offline.
2026-07-16 18:09:12,578 [INFO] Connecting to a secure cloud-managed Aiven Kafka instance...
2026-07-16 18:09:13,032 [INFO] Meteorological context sync: Wind blowing towards downwind sector SE (298° raw input).
2026-07-16 18:09:13,038 [INFO] Simulating telemetry window: 12:09:13 to 14:09:13
2026-07-16 18:09:13,042 [INFO] --- [PLUME TRANSIENT INTERCEPT] Vapor breakthrough simulated heading downwind towards SE ---
2026-07-16 18:09:13,045 [INFO] --- [PLUME TRANSIENT RESOLVED] Vapor concentrations returned to environmental baseline. ---
2026-07-16 18:09:13,046 [INFO] --- [PLUME TRANSIENT INTERCEPT] Vapor breakthrough simulated heading downwind towards SE ---
2026-07-16 18:09:13,049 [INFO] All 120 telemetry intervals successfully calculated and buffered.
2026-07-16 18:09:13,049 [INFO] Flushing full historical payload burst to Aiven cloud broker...
2026-07-16 18:09:13,786 [INFO] Data injection phase complete. Producer context offline.
2026-07-17 10:51:31,530 [INFO] Connecting to a secure cloud-managed Aiven Kafka instance...
2026-07-17 10:51:32,316 [INFO] Meteorological context sync: Wind blowing towards downwind sector E (260° raw input).
2026-07-17 10:51:32,323 [INFO] Simulating telemetry window: 04:51:32 to 06:51:32
2026-07-17 10:51:32,326 [INFO] --- [PLUME TRANSIENT INTERCEPT] Vapor breakthrough simulated heading downwind towards E ---
2026-07-17 10:51:32,329 [INFO] --- [PLUME TRANSIENT RESOLVED] Vapor concentrations returned to environmental baseline. ---
2026-07-17 10:51:32,329 [INFO] --- [PLUME TRANSIENT INTERCEPT] Vapor breakthrough simulated heading downwind towards E ---
2026-07-17 10:51:32,332 [INFO] --- [PLUME TRANSIENT RESOLVED] Vapor concentrations returned to environmental baseline. ---
2026-07-17 10:51:32,333 [INFO] All 120 telemetry intervals successfully calculated and buffered.
2026-07-17 10:51:32,333 [INFO] Flushing full historical payload burst to Aiven cloud broker...
2026-07-17 10:51:33,820 [INFO] Data injection phase complete. Producer context offline.
2026-07-17 12:13:28,642 [INFO] Connecting to a secure cloud-managed Aiven Kafka instance...
2026-07-17 12:13:29,294 [INFO] Meteorological context sync: Wind blowing towards downwind sector NE (220° raw input).
2026-07-17 12:13:29,300 [INFO] Simulating telemetry window: 06:13:29 to 08:13:29
2026-07-17 12:13:29,300 [INFO] --- [PLUME TRANSIENT INTERCEPT] Vapor breakthrough simulated heading downwind towards NE ---
2026-07-17 12:13:29,302 [INFO] --- [PLUME TRANSIENT RESOLVED] Vapor concentrations returned to environmental baseline. ---
2026-07-17 12:13:29,303 [INFO] --- [PLUME TRANSIENT INTERCEPT] Vapor breakthrough simulated heading downwind towards NE ---
2026-07-17 12:13:29,305 [INFO] --- [PLUME TRANSIENT RESOLVED] Vapor concentrations returned to environmental baseline. ---
2026-07-17 12:13:29,307 [INFO] --- [PLUME TRANSIENT INTERCEPT] Vapor breakthrough simulated heading downwind towards NE ---
2026-07-17 12:13:29,310 [INFO] --- [PLUME TRANSIENT RESOLVED] Vapor concentrations returned to environmental baseline. ---
2026-07-17 12:13:29,310 [INFO] All 120 telemetry intervals successfully calculated and buffered.
2026-07-17 12:13:29,310 [INFO] Flushing full historical payload burst to Aiven cloud broker...
2026-07-17 12:13:30,518 [INFO] Data injection phase complete. Producer context offline.
2026-07-17 14:46:58,857 [INFO] Connecting to a secure cloud-managed Aiven Kafka instance...
2026-07-17 14:46:59,427 [INFO] Meteorological context sync: Wind blowing towards downwind sector NE (218° raw input).
2026-07-17 14:46:59,428 [INFO] Simulating telemetry window: 08:46:59 to 10:46:59
2026-07-17 14:46:59,432 [INFO] --- [PLUME TRANSIENT INTERCEPT] Vapor breakthrough simulated heading downwind towards NE ---
2026-07-17 14:46:59,434 [INFO] --- [PLUME TRANSIENT RESOLVED] Vapor concentrations returned to environmental baseline. ---
2026-07-17 14:46:59,437 [INFO] --- [PLUME TRANSIENT INTERCEPT] Vapor breakthrough simulated heading downwind towards NE ---
2026-07-17 14:46:59,437 [INFO] All 120 telemetry intervals successfully calculated and buffered.
2026-07-17 14:46:59,437 [INFO] Flushing full historical payload burst to Aiven cloud broker...
2026-07-17 14:47:00,564 [INFO] Data injection phase complete. Producer context offline.
2026-07-17 16:19:10,648 [INFO] Connecting to a secure cloud-managed Aiven Kafka instance...
2026-07-17 16:19:11,275 [INFO] Meteorological context sync: Wind blowing towards downwind sector NE (219° raw input).
2026-07-17 16:19:11,282 [INFO] Simulating telemetry window: 10:19:11 to 12:19:11
2026-07-17 16:19:11,283 [INFO] --- [PLUME TRANSIENT INTERCEPT] Vapor breakthrough simulated heading downwind towards NE ---
2026-07-17 16:19:11,285 [INFO] --- [PLUME TRANSIENT RESOLVED] Vapor concentrations returned to environmental baseline. ---
2026-07-17 16:19:11,287 [INFO] --- [PLUME TRANSIENT INTERCEPT] Vapor breakthrough simulated heading downwind towards NE ---
2026-07-17 16:19:11,289 [INFO] --- [PLUME TRANSIENT RESOLVED] Vapor concentrations returned to environmental baseline. ---
2026-07-17 16:19:11,289 [INFO] --- [PLUME TRANSIENT INTERCEPT] Vapor breakthrough simulated heading downwind towards NE ---
2026-07-17 16:19:11,292 [INFO] --- [PLUME TRANSIENT RESOLVED] Vapor concentrations returned to environmental baseline. ---
2026-07-17 16:19:11,293 [INFO] All 120 telemetry intervals successfully calculated and buffered.
2026-07-17 16:19:11,293 [INFO] Flushing full historical payload burst to Aiven cloud broker...
2026-07-17 16:19:12,288 [INFO] Data injection phase complete. Producer context offline.
2026-07-17 18:10:00,578 [INFO] Connecting to a secure cloud-managed Aiven Kafka instance...
2026-07-17 18:10:01,201 [ERROR] Failed to fetch downwind target zone via API. Falling back to default baseline: 503 Server Error: Service Unavailable for url: https://api.open-meteo.com/v1/forecast?latitude=42.8864&longitude=-78.8784&hourly=wind_direction_10m&forecast_days=1&timezone=auto
2026-07-17 18:10:01,203 [INFO] Simulating telemetry window: 12:10:01 to 14:10:01
2026-07-17 18:10:01,204 [INFO] --- [PLUME TRANSIENT INTERCEPT] Vapor breakthrough simulated heading downwind towards NE ---
2026-07-17 18:10:01,206 [INFO] --- [PLUME TRANSIENT RESOLVED] Vapor concentrations returned to environmental baseline. ---
2026-07-17 18:10:01,211 [INFO] --- [PLUME TRANSIENT INTERCEPT] Vapor breakthrough simulated heading downwind towards NE ---
2026-07-17 18:10:01,212 [INFO] All 120 telemetry intervals successfully calculated and buffered.
2026-07-17 18:10:01,213 [INFO] Flushing full historical payload burst to Aiven cloud broker...
2026-07-17 18:10:01,897 [INFO] Data injection phase complete. Producer context offline.
2026-07-20 11:49:37,249 [INFO] Connecting to a secure cloud-managed Aiven Kafka instance...
2026-07-20 11:49:37,879 [INFO] Meteorological context sync: Wind blowing towards downwind sector NE (230° raw input).
2026-07-20 11:49:37,885 [INFO] Simulating telemetry window: 05:49:37 to 07:49:37
2026-07-20 11:49:37,891 [INFO] --- [PLUME TRANSIENT INTERCEPT] Vapor breakthrough simulated heading downwind towards NE ---
2026-07-20 11:49:37,893 [INFO] --- [PLUME TRANSIENT RESOLVED] Vapor concentrations returned to environmental baseline. ---
2026-07-20 11:49:37,894 [INFO] --- [PLUME TRANSIENT INTERCEPT] Vapor breakthrough simulated heading downwind towards NE ---
2026-07-20 11:49:37,895 [INFO] All 120 telemetry intervals successfully calculated and buffered.
2026-07-20 11:49:37,895 [INFO] Flushing full historical payload burst to Aiven cloud broker...
2026-07-20 11:49:38,985 [INFO] Data injection phase complete. Producer context offline.
2026-07-20 15:14:07,478 [INFO] Connecting to a secure cloud-managed Aiven Kafka instance...
2026-07-20 15:14:07,950 [INFO] Meteorological context sync: Wind blowing towards downwind sector NE (229° raw input).
2026-07-20 15:14:07,956 [INFO] Simulating telemetry window: 09:14:07 to 11:14:07
2026-07-20 15:14:07,958 [INFO] --- [PLUME TRANSIENT INTERCEPT] Vapor breakthrough simulated heading downwind towards NE ---
2026-07-20 15:14:07,961 [INFO] --- [PLUME TRANSIENT RESOLVED] Vapor concentrations returned to environmental baseline. ---
2026-07-20 15:14:07,963 [INFO] --- [PLUME TRANSIENT INTERCEPT] Vapor breakthrough simulated heading downwind towards NE ---
2026-07-20 15:14:07,965 [INFO] --- [PLUME TRANSIENT RESOLVED] Vapor concentrations returned to environmental baseline. ---
2026-07-20 15:14:07,965 [INFO] --- [PLUME TRANSIENT INTERCEPT] Vapor breakthrough simulated heading downwind towards NE ---
2026-07-20 15:14:07,966 [INFO] All 120 telemetry intervals successfully calculated and buffered.
2026-07-20 15:14:07,966 [INFO] Flushing full historical payload burst to Aiven cloud broker...
2026-07-20 15:14:09,095 [INFO] Data injection phase complete. Producer context offline.
2026-07-20 18:56:29,333 [INFO] Connecting to a secure cloud-managed Aiven Kafka instance...
2026-07-20 18:56:29,858 [INFO] Meteorological context sync: Wind blowing towards downwind sector NE (229° raw input).
2026-07-20 18:56:29,860 [INFO] Simulating telemetry window: 12:56:29 to 14:56:29
2026-07-20 18:56:29,860 [INFO] --- [PLUME TRANSIENT INTERCEPT] Vapor breakthrough simulated heading downwind towards NE ---
2026-07-20 18:56:29,862 [INFO] --- [PLUME TRANSIENT RESOLVED] Vapor concentrations returned to environmental baseline. ---
2026-07-20 18:56:29,867 [INFO] --- [PLUME TRANSIENT INTERCEPT] Vapor breakthrough simulated heading downwind towards NE ---
2026-07-20 18:56:29,869 [INFO] All 120 telemetry intervals successfully calculated and buffered.
2026-07-20 18:56:29,869 [INFO] Flushing full historical payload burst to Aiven cloud broker...
2026-07-20 18:56:30,742 [INFO] Data injection phase complete. Producer context offline.
2026-07-21 11:12:07,439 [INFO] Connecting to a secure cloud-managed Aiven Kafka instance...
2026-07-21 11:12:07,936 [INFO] Meteorological context sync: Wind blowing towards downwind sector NE (214° raw input).
2026-07-21 11:12:07,939 [INFO] Simulating telemetry window: 05:12:07 to 07:12:07
2026-07-21 11:12:07,942 [INFO] --- [PLUME TRANSIENT INTERCEPT] Vapor breakthrough simulated heading downwind towards NE ---
2026-07-21 11:12:07,943 [INFO] --- [PLUME TRANSIENT RESOLVED] Vapor concentrations returned to environmental baseline. ---
2026-07-21 11:12:07,944 [INFO] --- [PLUME TRANSIENT INTERCEPT] Vapor breakthrough simulated heading downwind towards NE ---
2026-07-21 11:12:07,946 [INFO] --- [PLUME TRANSIENT RESOLVED] Vapor concentrations returned to environmental baseline. ---
2026-07-21 11:12:07,948 [INFO] All 120 telemetry intervals successfully calculated and buffered.
2026-07-21 11:12:07,948 [INFO] Flushing full historical payload burst to Aiven cloud broker...
2026-07-21 11:12:08,608 [INFO] Data injection phase complete. Producer context offline.
2026-07-21 15:07:03,122 [INFO] Connecting to a secure cloud-managed Aiven Kafka instance...
2026-07-21 15:07:03,728 [INFO] Meteorological context sync: Wind blowing towards downwind sector NE (218° raw input).
2026-07-21 15:07:03,730 [INFO] Simulating telemetry window: 09:07:03 to 11:07:03
2026-07-21 15:07:03,737 [INFO] --- [PLUME TRANSIENT INTERCEPT] Vapor breakthrough simulated heading downwind towards NE ---
2026-07-21 15:07:03,738 [INFO] --- [PLUME TRANSIENT RESOLVED] Vapor concentrations returned to environmental baseline. ---
2026-07-21 15:07:03,739 [INFO] All 120 telemetry intervals successfully calculated and buffered.
2026-07-21 15:07:03,739 [INFO] Flushing full historical payload burst to Aiven cloud broker...
2026-07-21 15:07:05,001 [INFO] Data injection phase complete. Producer context offline.
2026-07-21 18:18:29,189 [INFO] Connecting to a secure cloud-managed Aiven Kafka instance...
2026-07-21 18:18:29,770 [INFO] Meteorological context sync: Wind blowing towards downwind sector NE (231° raw input).
2026-07-21 18:18:29,772 [INFO] Simulating telemetry window: 12:18:29 to 14:18:29
2026-07-21 18:18:29,774 [INFO] --- [PLUME TRANSIENT INTERCEPT] Vapor breakthrough simulated heading downwind towards NE ---
2026-07-21 18:18:29,776 [INFO] --- [PLUME TRANSIENT RESOLVED] Vapor concentrations returned to environmental baseline. ---
2026-07-21 18:18:29,777 [INFO] --- [PLUME TRANSIENT INTERCEPT] Vapor breakthrough simulated heading downwind towards NE ---
2026-07-21 18:18:29,780 [INFO] --- [PLUME TRANSIENT RESOLVED] Vapor concentrations returned to environmental baseline. ---
2026-07-21 18:18:29,780 [INFO] --- [PLUME TRANSIENT INTERCEPT] Vapor breakthrough simulated heading downwind towards NE ---
2026-07-21 18:18:29,781 [INFO] --- [PLUME TRANSIENT RESOLVED] Vapor concentrations returned to environmental baseline. ---
2026-07-21 18:18:29,782 [INFO] All 120 telemetry intervals successfully calculated and buffered.
2026-07-21 18:18:29,782 [INFO] Flushing full historical payload burst to Aiven cloud broker...
2026-07-21 18:18:30,660 [INFO] Data injection phase complete. Producer context offline.
2026-07-22 11:12:31,713 [INFO] Connecting to a secure cloud-managed Aiven Kafka instance...
2026-07-22 11:12:32,395 [INFO] Meteorological context sync: Wind blowing towards downwind sector SE (286° raw input).
2026-07-22 11:12:32,401 [INFO] Simulating telemetry window: 05:12:32 to 07:12:32
2026-07-22 11:12:32,402 [INFO] --- [PLUME TRANSIENT INTERCEPT] Vapor breakthrough simulated heading downwind towards SE ---
2026-07-22 11:12:32,405 [INFO] --- [PLUME TRANSIENT RESOLVED] Vapor concentrations returned to environmental baseline. ---
2026-07-22 11:12:32,405 [INFO] --- [PLUME TRANSIENT INTERCEPT] Vapor breakthrough simulated heading downwind towards SE ---
2026-07-22 11:12:32,408 [INFO] --- [PLUME TRANSIENT RESOLVED] Vapor concentrations returned to environmental baseline. ---
2026-07-22 11:12:32,409 [INFO] --- [PLUME TRANSIENT INTERCEPT] Vapor breakthrough simulated heading downwind towards SE ---
2026-07-22 11:12:32,410 [INFO] --- [PLUME TRANSIENT RESOLVED] Vapor concentrations returned to environmental baseline. ---
2026-07-22 11:12:32,413 [INFO] All 120 telemetry intervals successfully calculated and buffered.
2026-07-22 11:12:32,413 [INFO] Flushing full historical payload burst to Aiven cloud broker...
2026-07-22 11:12:33,684 [INFO] Data injection phase complete. Producer context offline.
2026-07-22 15:07:45,405 [INFO] Connecting to a secure cloud-managed Aiven Kafka instance...
2026-07-22 15:07:45,824 [INFO] Meteorological context sync: Wind blowing towards downwind sector E (271° raw input).
2026-07-22 15:07:45,826 [INFO] Simulating telemetry window: 09:07:45 to 11:07:45
2026-07-22 15:07:45,831 [INFO] --- [PLUME TRANSIENT INTERCEPT] Vapor breakthrough simulated heading downwind towards E ---
2026-07-22 15:07:45,834 [INFO] --- [PLUME TRANSIENT RESOLVED] Vapor concentrations returned to environmental baseline. ---
2026-07-22 15:07:45,839 [INFO] --- [PLUME TRANSIENT INTERCEPT] Vapor breakthrough simulated heading downwind towards E ---
2026-07-22 15:07:45,842 [INFO] --- [PLUME TRANSIENT RESOLVED] Vapor concentrations returned to environmental baseline. ---
2026-07-22 15:07:45,842 [INFO] --- [PLUME TRANSIENT INTERCEPT] Vapor breakthrough simulated heading downwind towards E ---
2026-07-22 15:07:45,844 [INFO] All 120 telemetry intervals successfully calculated and buffered.
2026-07-22 15:07:45,844 [INFO] Flushing full historical payload burst to Aiven cloud broker...
2026-07-22 15:07:46,669 [INFO] Data injection phase complete. Producer context offline.
